Reusing configuration cache.
> Task :generateModMetadata UP-TO-DATE
> Task :writeServerLegacyClasspath UP-TO-DATE
> Task :downloadAssets UP-TO-DATE
> Task :processResources UP-TO-DATE
> Task :createMinecraftArtifacts UP-TO-DATE
> Task :prepareServerRun UP-TO-DATE
> Task :compileJava UP-TO-DATE
> Task :classes UP-TO-DATE

> Task :runServer
WARN StatusConsoleListener Advanced terminal features are not available in this environment
[18:19:55] [main/INFO] [cp.mo.mo.Launcher/MODLAUNCHER]: ModLauncher running: args [--launchTarget, forgeserverdev, --gameDir, ., --fml.fmlVersion, 4.0.43, --fml.mcVersion, 1.21.1, --fml.neoForgeVersion, 21.1.248, --fml.neoFormVersion, 20240808.144430, --nogui]
[18:19:55] [main/INFO] [cp.mo.mo.Launcher/MODLAUNCHER]: JVM identified as Eclipse Adoptium OpenJDK 64-Bit Server VM 21.0.12.1+1-LTS
[18:19:55] [main/INFO] [cp.mo.mo.Launcher/MODLAUNCHER]: ModLauncher 11.0.5+main.901c6ea8 starting: java version 21.0.12.1 by Eclipse Adoptium; OS Windows 11 arch amd64 version 10.0
[18:19:55] [main/DEBUG] [cp.mo.mo.LaunchServiceHandler/MODLAUNCHER]: Found launch services [minecraft,forgeclient,forgedatauserdev,testharness,forgeserverdev,forgeserveruserdev,forgejunitdev,forgeclientdev,forgeclientuserdev,forgeserver,forgejunituserdev,forgedatadev]
[18:19:55] [main/DEBUG] [cp.mo.mo.LaunchPluginHandler/MODLAUNCHER]: Found launch plugins: [mixin,slf4jfixer,runtime_enum_extender,accesstransformer,runtimedistcleaner]
[18:19:55] [main/DEBUG] [cp.mo.mo.TransformationServicesHandler/MODLAUNCHER]: Discovering transformation services
[18:19:55] [main/DEBUG] [ne.ne.fm.lo.FMLPaths/CORE]: Path GAMEDIR is D:\code\Gensokyou\run
[18:19:55] [main/DEBUG] [ne.ne.fm.lo.FMLPaths/CORE]: Path MODSDIR is D:\code\Gensokyou\run\mods
[18:19:55] [main/DEBUG] [ne.ne.fm.lo.FMLPaths/CORE]: Path CONFIGDIR is D:\code\Gensokyou\run\config
[18:19:55] [main/DEBUG] [ne.ne.fm.lo.FMLPaths/CORE]: Path FMLCONFIG is D:\code\Gensokyou\run\config\fml.toml
[18:19:55] [main/DEBUG] [ne.ne.fm.lo.ta.CommonLaunchHandler/CORE]: Got mod coordinates gensokyou%%D:\code\Gensokyou\build\classes\java\main;gensokyou%%D:\code\Gensokyou\build\resources\main from env
[18:19:55] [main/DEBUG] [ne.ne.fm.lo.ta.CommonLaunchHandler/CORE]: Found supplied mod coordinates [{gensokyou=[D:\code\Gensokyou\build\classes\java\main, D:\code\Gensokyou\build\resources\main]}]
[18:19:55] [main/DEBUG] [cp.mo.mo.TransformationServicesHandler/MODLAUNCHER]: Found additional transformation services from discovery services: 
[18:19:55] [main/INFO] [ne.ne.fm.lo.ImmediateWindowHandler/]: ImmediateWindowProvider not loading because launch target is forgeserverdev
[18:19:55] [main/DEBUG] [cp.mo.mo.TransformationServicesHandler/MODLAUNCHER]: Found transformer services : [mixin,fml]
[18:19:55] [main/DEBUG] [cp.mo.mo.TransformationServicesHandler/MODLAUNCHER]: Transformation services loading
[18:19:55] [main/DEBUG] [cp.mo.mo.TransformationServiceDecorator/MODLAUNCHER]: Loading service mixin
[18:19:55] [main/DEBUG] [cp.mo.mo.TransformationServiceDecorator/MODLAUNCHER]: Loaded service mixin
[18:19:55] [main/DEBUG] [cp.mo.mo.TransformationServiceDecorator/MODLAUNCHER]: Loading service fml
[18:19:55] [main/DEBUG] [ne.ne.fm.lo.FMLLoader/CORE]: FML 4.0.43 loading
[18:19:55] [main/DEBUG] [ne.ne.fm.lo.FMLLoader/CORE]: FML found ModLauncher version : 11.0.5+main.901c6ea8
[18:19:55] [main/DEBUG] [ne.ne.fm.lo.FMLLoader/CORE]: FML found AccessTransformer version : 10.0.1+139da711
[18:19:55] [main/DEBUG] [ne.ne.fm.lo.FMLLoader/CORE]: FML found EventBus version : null
[18:19:55] [main/DEBUG] [ne.ne.fm.lo.FMLLoader/CORE]: Found Runtime Dist Cleaner
[18:19:55] [main/DEBUG] [cp.mo.mo.TransformationServiceDecorator/MODLAUNCHER]: Loaded service fml
[18:19:55] [main/DEBUG] [cp.mo.mo.TransformationServicesHandler/MODLAUNCHER]: Configuring option handling for services
[18:19:55] [main/DEBUG] [ne.ne.fm.lo.FMLServiceProvider/CORE]: Received command line version data  : VersionInfo[neoForgeVersion=21.1.248, fmlVersion=4.0.43, mcVersion=1.21.1, neoFormVersion=20240808.144430]
[18:19:55] [main/DEBUG] [cp.mo.mo.TransformationServicesHandler/MODLAUNCHER]: Transformation services initializing
[18:19:55] [main/DEBUG] [cp.mo.mo.TransformationServiceDecorator/MODLAUNCHER]: Initializing transformation service mixin
[18:19:55] [main/DEBUG] [mixin/]: MixinService [ModLauncher] was successfully booted in cpw.mods.cl.ModuleClassLoader@53f65459
[18:19:55] [main/INFO] [mixin/]: SpongePowered MIXIN Subsystem Version=0.8.7 Source=union:/C:/Users/etsuraku/.gradle/caches/modules-2/files-2.1/net.fabricmc/sponge-mixin/0.15.2+mixin.0.8.7/2af2f021d8e02a0220dc27a7a72b4666d66d44ca/sponge-mixin-0.15.2+mixin.0.8.7.jar%2392!/ Service=ModLauncher Env=SERVER
[18:19:55] [main/DEBUG] [mixin/]: Initialising Mixin Platform Manager
[18:19:55] [main/DEBUG] [mixin/]: Adding mixin platform agents for container ModLauncher Root Container(ModLauncher:4f56a0a2)
[18:19:55] [main/DEBUG] [mixin/]: Instancing new MixinPlatformAgentMinecraftForge for ModLauncher Root Container(ModLauncher:4f56a0a2)
[18:19:55] [main/DEBUG] [mixin/]: MixinPlatformAgentMinecraftForge rejected container ModLauncher Root Container(ModLauncher:4f56a0a2)
[18:19:55] [main/DEBUG] [mixin/]: Instancing new MixinPlatformAgentDefault for ModLauncher Root Container(ModLauncher:4f56a0a2)
[18:19:55] [main/DEBUG] [mixin/]: MixinPlatformAgentDefault accepted container ModLauncher Root Container(ModLauncher:4f56a0a2)
[18:19:55] [main/DEBUG] [cp.mo.mo.TransformationServiceDecorator/MODLAUNCHER]: Initialized transformation service mixin
[18:19:55] [main/DEBUG] [cp.mo.mo.TransformationServiceDecorator/MODLAUNCHER]: Initializing transformation service fml
[18:19:55] [main/DEBUG] [ne.ne.fm.lo.FMLServiceProvider/CORE]: Setting up basic FML game directories
[18:19:55] [main/DEBUG] [ne.ne.fm.lo.FMLPaths/CORE]: Path GAMEDIR is D:\code\Gensokyou\run
[18:19:55] [main/DEBUG] [ne.ne.fm.lo.FMLPaths/CORE]: Path MODSDIR is D:\code\Gensokyou\run\mods
[18:19:55] [main/DEBUG] [ne.ne.fm.lo.FMLPaths/CORE]: Path CONFIGDIR is D:\code\Gensokyou\run\config
[18:19:55] [main/DEBUG] [ne.ne.fm.lo.FMLPaths/CORE]: Path FMLCONFIG is D:\code\Gensokyou\run\config\fml.toml
[18:19:55] [main/DEBUG] [ne.ne.fm.lo.FMLServiceProvider/CORE]: Loading configuration
[18:19:55] [main/DEBUG] [ne.ne.fm.lo.FMLServiceProvider/CORE]: Preparing launch handler
[18:19:55] [main/DEBUG] [ne.ne.fm.lo.FMLLoader/CORE]: Using forgeserverdev as launch service
[18:19:55] [main/DEBUG] [cp.mo.mo.TransformationServiceDecorator/MODLAUNCHER]: Initialized transformation service fml
[18:19:55] [main/DEBUG] [cp.mo.mo.TransformationServicesHandler/MODLAUNCHER]: Transformation services begin scanning
[18:19:55] [main/DEBUG] [cp.mo.mo.TransformationServiceDecorator/MODLAUNCHER]: Beginning scan trigger - transformation service mixin
[18:19:55] [main/DEBUG] [cp.mo.mo.TransformationServiceDecorator/MODLAUNCHER]: End scan trigger - transformation service mixin
[18:19:55] [main/DEBUG] [cp.mo.mo.TransformationServiceDecorator/MODLAUNCHER]: Beginning scan trigger - transformation service fml
[18:19:55] [main/DEBUG] [ne.ne.fm.lo.FMLServiceProvider/CORE]: Initiating mod scan
[18:19:55] [main/DEBUG] [ne.ne.fm.lo.ta.CommonLaunchHandler/CORE]: Got mod coordinates gensokyou%%D:\code\Gensokyou\build\classes\java\main;gensokyou%%D:\code\Gensokyou\build\resources\main from env
[18:19:55] [main/DEBUG] [ne.ne.fm.lo.ta.CommonLaunchHandler/CORE]: Found supplied mod coordinates [{gensokyou=[D:\code\Gensokyou\build\classes\java\main, D:\code\Gensokyou\build\resources\main]}]
[18:19:55] [main/DEBUG] [ne.ne.fm.lo.ta.CommonDevLaunchHandler/]: Launching with NeoForge from D:\code\Gensokyou\build\moddev\artifacts\neoforge-21.1.248.jar
[18:19:55] [main/DEBUG] [ne.ne.fm.ut.ServiceLoaderUtil/CORE]: Found 4 implementations of IModFileCandidateLocator:
[18:19:55] [main/DEBUG] [ne.ne.fm.ut.ServiceLoaderUtil/CORE]: 	       0 - [built-in] net.neoforged.fml.loading.moddiscovery.locators.NeoForgeDevProvider from loader-4.0.43.jar
[18:19:55] [main/DEBUG] [ne.ne.fm.ut.ServiceLoaderUtil/CORE]: 	       0 - net.neoforged.fml.loading.moddiscovery.locators.ModsFolderLocator from loader-4.0.43.jar
[18:19:55] [main/DEBUG] [ne.ne.fm.ut.ServiceLoaderUtil/CORE]: 	       0 - net.neoforged.fml.loading.moddiscovery.locators.MavenDirectoryLocator from loader-4.0.43.jar
[18:19:55] [main/DEBUG] [ne.ne.fm.ut.ServiceLoaderUtil/CORE]: 	   -1000 - [built-in] net.neoforged.fml.loading.moddiscovery.locators.UserdevLocator from loader-4.0.43.jar
[18:19:55] [main/DEBUG] [ne.ne.fm.ut.ServiceLoaderUtil/CORE]: Found 2 implementations of IModFileReader:
[18:19:55] [main/DEBUG] [ne.ne.fm.ut.ServiceLoaderUtil/CORE]: 	       0 - net.neoforged.fml.loading.moddiscovery.readers.JarModsDotTomlModFileReader from loader-4.0.43.jar
[18:19:55] [main/DEBUG] [ne.ne.fm.ut.ServiceLoaderUtil/CORE]: 	   -1000 - net.neoforged.fml.loading.moddiscovery.readers.NestedLibraryModReader from loader-4.0.43.jar
[18:19:55] [main/DEBUG] [ne.ne.fm.ut.ServiceLoaderUtil/CORE]: Found 1 implementations of IDependencyLocator:
[18:19:55] [main/DEBUG] [ne.ne.fm.ut.ServiceLoaderUtil/CORE]: 	       0 - net.neoforged.fml.loading.moddiscovery.locators.JarInJarDependencyLocator from loader-4.0.43.jar
[18:19:55] [main/DEBUG] [ne.ne.fm.lo.mo.ModFileInfo/LOADING]: Found valid mod file neoforge-21.1.248.jar with {minecraft} mods - versions {1.21.1}
[18:19:55] [main/DEBUG] [ne.ne.fm.lo.mo.ModFileParser/LOADING]: Considering mod file candidate D:\code\Gensokyou\build\moddev\artifacts\neoforge-21.1.248.jar
[18:19:55] [main/DEBUG] [ne.ne.fm.lo.mo.ModFileInfo/LOADING]: Found valid mod file neoforge-21.1.248.jar with {neoforge} mods - versions {21.1.248}
[18:19:55] [main/DEBUG] [ne.ne.fm.lo.mo.ModFileParser/LOADING]: Considering mod file candidate D:\code\Gensokyou\run\mods\forgematica-0.4.2+mc1.21.1.jar
[18:19:55] [main/DEBUG] [ne.ne.fm.lo.mo.ModFileInfo/LOADING]: Found valid mod file forgematica-0.4.2+mc1.21.1.jar with {forgematica,litematica} mods - versions {0.4.2+mc1.21.1,0.4.2+mc1.21.1}
[18:19:55] [main/DEBUG] [ne.ne.fm.lo.mo.ModFileParser/LOADING]: Considering mod file candidate D:\code\Gensokyou\run\mods\Jade-1.21.1-NeoForge-15.10.6.jar
[18:19:55] [main/DEBUG] [ne.ne.fm.lo.mo.ModFileInfo/LOADING]: Found valid mod file Jade-1.21.1-NeoForge-15.10.6.jar with {jade} mods - versions {15.10.6+neoforge}
[18:19:55] [main/DEBUG] [ne.ne.fm.lo.mo.ModFileParser/LOADING]: Considering mod file candidate D:\code\Gensokyou\run\mods\mafglib-0.4.3+mc1.21.1.jar
[18:19:55] [main/DEBUG] [ne.ne.fm.lo.mo.ModFileInfo/LOADING]: Found valid mod file mafglib-0.4.3+mc1.21.1.jar with {mafglib,malilib} mods - versions {0.4.3+mc1.21.1,0.4.3+mc1.21.1}
[18:19:55] [main/DEBUG] [ne.ne.fm.lo.mo.ModListHandler/CORE]: Found mod coordinates from lists: []
[18:19:55] [main/DEBUG] [ne.ne.fm.lo.mo.ModFileParser/LOADING]: Considering mod file candidate D:\code\Gensokyou\build\classes\java\main
[18:19:55] [main/DEBUG] [ne.ne.fm.lo.mo.ModFileInfo/LOADING]: Found valid mod file main with {gensokyou} mods - versions {1.0.0}
[18:19:55] [main/DEBUG] [ne.ne.fm.lo.mo.ModFileParser/LOADING]: Considering mod file candidate D:\code\Gensokyou\build\moddev\artifacts\neoforge-21.1.248.jar
[18:19:55] [main/DEBUG] [ne.ne.fm.lo.mo.ModFileInfo/LOADING]: Found valid mod file neoforge-21.1.248.jar with {neoforge} mods - versions {21.1.248}
[18:19:55] [main/DEBUG] [ne.ne.fm.lo.mo.ModFileParser/LOADING]: Considering mod file candidate C:\Users\etsuraku\.gradle\caches\modules-2\files-2.1\mezz.jei\jei-1.21.1-neoforge\19.44.0.403\f027864a444572205a546c78c48b882335540eb2\jei-1.21.1-neoforge-19.44.0.403.jar
[18:19:55] [main/DEBUG] [ne.ne.fm.lo.mo.ModFileInfo/LOADING]: Found valid mod file jei-1.21.1-neoforge-19.44.0.403.jar with {jei} mods - versions {19.44.0.403}
[18:19:55] [main/DEBUG] [ne.ne.fm.lo.mo.ModDiscoverer/]: Skipping C:\Users\etsuraku\.gradle\caches\modules-2\files-2.1\net.neoforged.fancymodloader\earlydisplay\4.0.43\3a941fcf258b5a7dde0445377a7206a55d11630d\earlydisplay-4.0.43.jar because it was already located earlier
[18:19:55] [main/DEBUG] [ne.ne.fm.lo.mo.ModDiscoverer/]: Skipping C:\Users\etsuraku\.gradle\caches\modules-2\files-2.1\net.neoforged.fancymodloader\loader\4.0.43\fb10b7bf2f568a9676ad8b426b19c23badbbd98a\loader-4.0.43.jar because it was already located earlier
[18:19:55] [main/DEBUG] [ne.ne.fm.lo.mo.ModDiscoverer/]: Skipping C:\Users\etsuraku\.gradle\caches\modules-2\files-2.1\net.neoforged.accesstransformers\at-modlauncher\10.0.1\5aba50202aceead086bc09fbc2751c9f05cb4890\at-modlauncher-10.0.1.jar because it was already located earlier
[18:19:55] [main/DEBUG] [ne.ne.fm.lo.mo.ModDiscoverer/]: Skipping C:\Users\etsuraku\.gradle\caches\modules-2\files-2.1\net.neoforged\accesstransformers\10.0.1\fd83b5725f76eae9115e9355fa1c456a6a441400\accesstransformers-10.0.1.jar because it was already located earlier
[18:19:55] [main/DEBUG] [ne.ne.fm.lo.mo.ModDiscoverer/]: Skipping C:\Users\etsuraku\.gradle\caches\modules-2\files-2.1\net.neoforged\bus\8.0.5\5b2d33285ab5d1554e9798ad98c40d6ea3868bd5\bus-8.0.5.jar because it was already located earlier
[18:19:55] [main/DEBUG] [ne.ne.fm.lo.mo.ModDiscoverer/]: Skipping C:\Users\etsuraku\.gradle\caches\modules-2\files-2.1\net.neoforged\coremods\7.0.3\9147e6f638b4272b3bd5fc8f92ad37802512c6c\coremods-7.0.3.jar because it was already located earlier
[18:19:55] [main/DEBUG] [ne.ne.fm.lo.mo.ModDiscoverer/]: Skipping C:\Users\etsuraku\.gradle\caches\modules-2\files-2.1\cpw.mods\modlauncher\11.0.5\b8f0d49294f733fdb6173931b263553e943dc950\modlauncher-11.0.5.jar because it was already located earlier
[18:19:55] [main/DEBUG] [ne.ne.fm.lo.mo.ModDiscoverer/]: Skipping C:\Users\etsuraku\.gradle\caches\modules-2\files-2.1\net.neoforged\mergetool\2.0.0\52fe1949be64e3303aabaaa21e315f551db9c9f4\mergetool-2.0.0-api.jar because it was already located earlier
[18:19:55] [main/DEBUG] [ne.ne.fm.lo.mo.ModDiscoverer/]: Skipping C:\Users\etsuraku\.gradle\caches\modules-2\files-2.1\com.electronwill.night-config\toml\3.8.3\90b2fd6efcb4a7d5b9810cf78f9d824994d717f2\toml-3.8.3.jar because it was already located earlier
[18:19:55] [main/DEBUG] [ne.ne.fm.lo.mo.ModDiscoverer/]: Skipping C:\Users\etsuraku\.gradle\caches\modules-2\files-2.1\com.electronwill.night-config\core\3.8.3\b442a95f09e349927f5a945ecb594455870fcf4f\core-3.8.3.jar because it was already located earlier
[18:19:55] [main/DEBUG] [ne.ne.fm.lo.mo.ModDiscoverer/]: Skipping C:\Users\etsuraku\.gradle\caches\modules-2\files-2.1\net.neoforged\JarJarSelector\0.4.1\fb3cc7a58af22ad2880adb98af6d518128c47dae\JarJarSelector-0.4.1.jar because it was already located earlier
[18:19:55] [main/DEBUG] [ne.ne.fm.lo.mo.ModDiscoverer/]: Skipping C:\Users\etsuraku\.gradle\caches\modules-2\files-2.1\net.neoforged\JarJarMetadata\0.4.1\f8da03683dc81694556dc3e177c5e3bb77ae6fcb\JarJarMetadata-0.4.1.jar because it was already located earlier
[18:19:55] [main/DEBUG] [ne.ne.fm.lo.mo.ModDiscoverer/]: Skipping C:\Users\etsuraku\.gradle\caches\modules-2\files-2.1\org.apache.maven\maven-artifact\3.8.5\4433f50c07debefaed0553bd0068f4f48d449313\maven-artifact-3.8.5.jar because it was already located earlier
[18:19:55] [main/DEBUG] [ne.ne.fm.lo.mo.ModDiscoverer/]: Skipping C:\Users\etsuraku\.gradle\caches\modules-2\files-2.1\net.jodah\typetools\0.6.3\a01aaa6ddaea9ec07ec4f209487b7a46a526283a\typetools-0.6.3.jar because it was already located earlier
[18:19:55] [main/DEBUG] [ne.ne.fm.lo.mo.ModDiscoverer/]: Skipping C:\Users\etsuraku\.gradle\caches\modules-2\files-2.1\net.minecrell\terminalconsoleappender\1.3.0\b562e9bb61235c9520e26282cdee71f8f802d1fc\terminalconsoleappender-1.3.0.jar because it was already located earlier
[18:19:55] [main/DEBUG] [ne.ne.fm.lo.mo.ModDiscoverer/]: Skipping C:\Users\etsuraku\.gradle\caches\modules-2\files-2.1\net.fabricmc\sponge-mixin\0.15.2+mixin.0.8.7\2af2f021d8e02a0220dc27a7a72b4666d66d44ca\sponge-mixin-0.15.2+mixin.0.8.7.jar because it was already located earlier
[18:19:55] [main/DEBUG] [ne.ne.fm.lo.mo.ModDiscoverer/]: Skipping C:\Users\etsuraku\.gradle\caches\modules-2\files-2.1\org.openjdk.nashorn\nashorn-core\15.4\f67f5ffaa5f5130cf6fb9b133da00c7df3b532a5\nashorn-core-15.4.jar because it was already located earlier
[18:19:55] [main/DEBUG] [ne.ne.fm.lo.mo.ModDiscoverer/]: Skipping C:\Users\etsuraku\.gradle\caches\modules-2\files-2.1\org.apache.commons\commons-lang3\3.14.0\1ed471194b02f2c6cb734a0cd6f6f107c673afae\commons-lang3-3.14.0.jar because it was already located earlier
[18:19:55] [main/DEBUG] [ne.ne.fm.lo.mo.ModDiscoverer/]: Skipping C:\Users\etsuraku\.gradle\caches\modules-2\files-2.1\net.sf.jopt-simple\jopt-simple\5.0.4\4fdac2fbe92dfad86aa6e9301736f6b4342a3f5c\jopt-simple-5.0.4.jar because it was already located earlier
[18:19:55] [main/DEBUG] [ne.ne.fm.lo.mo.ModDiscoverer/]: Skipping C:\Users\etsuraku\.gradle\caches\modules-2\files-2.1\commons-io\commons-io\2.15.1\f11560da189ab563a5c8e351941415430e9304ea\commons-io-2.15.1.jar because it was already located earlier
[18:19:55] [main/DEBUG] [ne.ne.fm.lo.mo.ModDiscoverer/]: Skipping C:\Users\etsuraku\.gradle\caches\modules-2\files-2.1\com.mojang\logging\1.2.7\24cb95ffb0e3433fd6e844c04e68009e504ca1c0\logging-1.2.7.jar because it was already located earlier
[18:19:55] [main/DEBUG] [ne.ne.fm.lo.mo.ModDiscoverer/]: Skipping C:\Users\etsuraku\.gradle\caches\modules-2\files-2.1\org.apache.logging.log4j\log4j-slf4j2-impl\2.22.1\d7e6693c2606cb7e7335047d7bb96dec52db5665\log4j-slf4j2-impl-2.22.1.jar because it was already located earlier
[18:19:55] [main/DEBUG] [ne.ne.fm.lo.mo.ModDiscoverer/]: Skipping C:\Users\etsuraku\.gradle\caches\modules-2\files-2.1\org.apache.logging.log4j\log4j-core\2.22.1\7183a25510a02ad00cc6a95d3b3d2a7d3c5a8dc4\log4j-core-2.22.1.jar because it was already located earlier
[18:19:55] [main/DEBUG] [ne.ne.fm.lo.mo.ModDiscoverer/]: Skipping C:\Users\etsuraku\.gradle\caches\modules-2\files-2.1\org.apache.logging.log4j\log4j-api\2.22.1\bea6fede6328fabafd7e68363161a7ea6605abd1\log4j-api-2.22.1.jar because it was already located earlier
[18:19:55] [main/DEBUG] [ne.ne.fm.lo.mo.ModDiscoverer/]: Skipping C:\Users\etsuraku\.gradle\caches\modules-2\files-2.1\com.google.guava\guava\32.1.2-jre\5e64ec7e056456bef3a4bc4c6fdaef71e8ab6318\guava-32.1.2-jre.jar because it was already located earlier
[18:19:55] [main/DEBUG] [ne.ne.fm.lo.mo.ModDiscoverer/]: Skipping C:\Users\etsuraku\.gradle\caches\modules-2\files-2.1\com.google.code.gson\gson\2.10.1\b3add478d4382b78ea20b1671390a858002feb6c\gson-2.10.1.jar because it was already located earlier
[18:19:55] [main/DEBUG] [ne.ne.fm.lo.mo.ModDiscoverer/]: Skipping C:\Users\etsuraku\.gradle\caches\modules-2\files-2.1\org.slf4j\slf4j-api\2.0.9\7cf2726fdcfbc8610f9a71fb3ed639871f315340\slf4j-api-2.0.9.jar because it was already located earlier
[18:19:55] [main/DEBUG] [ne.ne.fm.lo.mo.ModDiscoverer/]: Skipping C:\Users\etsuraku\.gradle\caches\modules-2\files-2.1\org.antlr\antlr4-runtime\4.13.1\17125bae1d965624e265ef49552f6465a2bfa307\antlr4-runtime-4.13.1.jar because it was already located earlier
[18:19:55] [main/DEBUG] [ne.ne.fm.lo.mo.ModDiscoverer/]: Skipping C:\Users\etsuraku\.gradle\caches\modules-2\files-2.1\net.minecraftforge\srgutils\0.4.15\ca408b131759478f164e010fae0d73997e125fb5\srgutils-0.4.15.jar because it was already located earlier
[18:19:55] [main/DEBUG] [ne.ne.fm.lo.mo.ModDiscoverer/]: Skipping C:\Users\etsuraku\.gradle\caches\modules-2\files-2.1\org.codehaus.plexus\plexus-utils\3.3.0\cf43b5391de623b36fe066a21127baef82c64022\plexus-utils-3.3.0.jar because it was already located earlier
[18:19:55] [main/DEBUG] [ne.ne.fm.lo.mo.ModDiscoverer/]: Skipping C:\Users\etsuraku\.gradle\caches\modules-2\files-2.1\org.jline\jline-reader\3.20.0\8f15415b022a25b473e8e16c28ae913186ffb9c4\jline-reader-3.20.0.jar because it was already located earlier
[18:19:55] [main/DEBUG] [ne.ne.fm.lo.mo.ModDiscoverer/]: Skipping C:\Users\etsuraku\.gradle\caches\modules-2\files-2.1\com.machinezoo.noexception\noexception\1.7.1\b65330c98e38a1f915fa54a6e5eca496505e3f0a\noexception-1.7.1.jar because it was already located earlier
[18:19:55] [main/DEBUG] [ne.ne.fm.lo.mo.ModDiscoverer/]: Skipping C:\Users\etsuraku\.gradle\caches\modules-2\files-2.1\com.github.oshi\oshi-core\6.4.10\b1d8ab82d11d92fd639b56d639f8f46f739dd5fa\oshi-core-6.4.10.jar because it was already located earlier
[18:19:55] [main/DEBUG] [ne.ne.fm.lo.mo.ModDiscoverer/]: Skipping C:\Users\etsuraku\.gradle\caches\modules-2\files-2.1\com.google.guava\failureaccess\1.0.1\1dcf1de382a0bf95a3d8b0849546c88bac1292c9\failureaccess-1.0.1.jar because it was already located earlier
[18:19:55] [main/DEBUG] [ne.ne.fm.lo.mo.ModDiscoverer/]: Skipping C:\Users\etsuraku\.gradle\caches\modules-2\files-2.1\com.mojang\authlib\6.0.54\de8bc95660e1b2fe8793fd427a7a10dcec5b3ea7\authlib-6.0.54.jar because it was already located earlier
[18:19:55] [main/DEBUG] [ne.ne.fm.lo.mo.ModDiscoverer/]: Skipping C:\Users\etsuraku\.gradle\caches\modules-2\files-2.1\com.mojang\brigadier\1.3.10\d15b53a14cf20fdcaa98f731af5dda654452c010\brigadier-1.3.10.jar because it was already located earlier
[18:19:55] [main/DEBUG] [ne.ne.fm.lo.mo.ModDiscoverer/]: Skipping C:\Users\etsuraku\.gradle\caches\modules-2\files-2.1\com.mojang\datafixerupper\8.0.16\67d4de6d7f95d89bcf5862995fb854ebaec02a34\datafixerupper-8.0.16.jar because it was already located earlier
[18:19:55] [main/DEBUG] [ne.ne.fm.lo.mo.ModDiscoverer/]: Skipping C:\Users\etsuraku\.gradle\caches\modules-2\files-2.1\io.netty\netty-buffer\4.1.97.Final\f8f3d8644afa5e6e1a40a3a6aeb9d9aa970ecb4f\netty-buffer-4.1.97.Final.jar because it was already located earlier
[18:19:55] [main/DEBUG] [ne.ne.fm.lo.mo.ModDiscoverer/]: Skipping C:\Users\etsuraku\.gradle\caches\modules-2\files-2.1\io.netty\netty-codec\4.1.97.Final\384ba4d75670befbedb45c4d3b497a93639c206d\netty-codec-4.1.97.Final.jar because it was already located earlier
[18:19:55] [main/DEBUG] [ne.ne.fm.lo.mo.ModDiscoverer/]: Skipping C:\Users\etsuraku\.gradle\caches\modules-2\files-2.1\io.netty\netty-common\4.1.97.Final\7cceacaf11df8dc63f23d0fb58e9d4640fc88404\netty-common-4.1.97.Final.jar because it was already located earlier
[18:19:55] [main/DEBUG] [ne.ne.fm.lo.mo.ModDiscoverer/]: Skipping C:\Users\etsuraku\.gradle\caches\modules-2\files-2.1\io.netty\netty-handler\4.1.97.Final\abb86c6906bf512bf2b797a41cd7d2e8d3cd7c36\netty-handler-4.1.97.Final.jar because it was already located earlier
[18:19:55] [main/DEBUG] [ne.ne.fm.lo.mo.ModDiscoverer/]: Skipping C:\Users\etsuraku\.gradle\caches\modules-2\files-2.1\io.netty\netty-resolver\4.1.97.Final\cec8348108dc76c47cf87c669d514be52c922144\netty-resolver-4.1.97.Final.jar because it was already located earlier
[18:19:55] [main/DEBUG] [ne.ne.fm.lo.mo.ModDiscoverer/]: Skipping C:\Users\etsuraku\.gradle\caches\modules-2\files-2.1\io.netty\netty-transport-classes-epoll\4.1.97.Final\795da37ded759e862457a82d9d92c4d39ce8ecee\netty-transport-classes-epoll-4.1.97.Final.jar because it was already located earlier
[18:19:55] [main/DEBUG] [ne.ne.fm.lo.mo.ModDiscoverer/]: Skipping C:\Users\etsuraku\.gradle\caches\modules-2\files-2.1\io.netty\netty-transport-native-unix-common\4.1.97.Final\d469d84265ab70095b01b40886cabdd433b6e664\netty-transport-native-unix-common-4.1.97.Final.jar because it was already located earlier
[18:19:55] [main/DEBUG] [ne.ne.fm.lo.mo.ModDiscoverer/]: Skipping C:\Users\etsuraku\.gradle\caches\modules-2\files-2.1\io.netty\netty-transport\4.1.97.Final\f37380d23c9bb079bc702910833b2fd532c9abd0\netty-transport-4.1.97.Final.jar because it was already located earlier
[18:19:55] [main/DEBUG] [ne.ne.fm.lo.mo.ModDiscoverer/]: Skipping C:\Users\etsuraku\.gradle\caches\modules-2\files-2.1\it.unimi.dsi\fastutil\8.5.12\c24946d46824bd528054bface3231d2ecb7e95e8\fastutil-8.5.12.jar because it was already located earlier
[18:19:55] [main/DEBUG] [ne.ne.fm.lo.mo.ModDiscoverer/]: Skipping C:\Users\etsuraku\.gradle\caches\modules-2\files-2.1\net.java.dev.jna\jna-platform\5.14.0\28934d48aed814f11e4c584da55c49fa7032b31b\jna-platform-5.14.0.jar because it was already located earlier
[18:19:55] [main/DEBUG] [ne.ne.fm.lo.mo.ModDiscoverer/]: Skipping C:\Users\etsuraku\.gradle\caches\modules-2\files-2.1\net.java.dev.jna\jna\5.14.0\67bf3eaea4f0718cb376a181a629e5f88fa1c9dd\jna-5.14.0.jar because it was already located earlier
[18:19:55] [main/DEBUG] [ne.ne.fm.lo.mo.ModDiscoverer/]: Skipping C:\Users\etsuraku\.gradle\caches\modules-2\files-2.1\org.joml\joml\1.10.5\22566d58af70ad3d72308bab63b8339906deb649\joml-1.10.5.jar because it was already located earlier
[18:19:56] [main/DEBUG] [ne.ne.fm.lo.mo.ModDiscoverer/]: Skipping C:\Users\etsuraku\.gradle\caches\modules-2\files-2.1\org.lz4\lz4-java\1.8.0\4b986a99445e49ea5fbf5d149c4b63f6ed6c6780\lz4-java-1.8.0.jar because it was already located earlier
[18:19:56] [main/DEBUG] [ne.ne.fm.lo.mo.ModDiscoverer/]: Skipping C:\Users\etsuraku\.gradle\caches\modules-2\files-2.1\org.jline\jline-terminal\3.20.0\d0ddcc708ddf527a3454c941b7b9225cc83a15ff\jline-terminal-3.20.0.jar because it was already located earlier
[18:19:56] [main/DEBUG] [ne.ne.fm.lo.mo.ModDiscoverer/]: Skipping C:\Users\etsuraku\.gradle\caches\modules-2\files-2.1\com.google.guava\listenablefuture\9999.0-empty-to-avoid-conflict-with-guava\b421526c5f297295adef1c886e5246c39d4ac629\listenablefuture-9999.0-empty-to-avoid-conflict-with-guava.jar because it was already located earlier
[18:19:56] [main/DEBUG] [ne.ne.fm.lo.mo.ModDiscoverer/]: Skipping C:\Users\etsuraku\.gradle\caches\modules-2\files-2.1\com.google.code.findbugs\jsr305\3.0.2\25ea2e8b0c338a877313bd4672d3fe056ea78f0d\jsr305-3.0.2.jar because it was already located earlier
[18:19:56] [main/DEBUG] [ne.ne.fm.lo.mo.ModDiscoverer/]: Skipping C:\Users\etsuraku\.gradle\caches\modules-2\files-2.1\org.checkerframework\checker-qual\3.33.0\de2b60b62da487644fc11f734e73c8b0b431238f\checker-qual-3.33.0.jar because it was already located earlier
[18:19:56] [main/DEBUG] [ne.ne.fm.lo.mo.ModDiscoverer/]: Skipping C:\Users\etsuraku\.gradle\caches\modules-2\files-2.1\com.google.errorprone\error_prone_annotations\2.18.0\89b684257096f548fa39a7df9fdaa409d4d4df91\error_prone_annotations-2.18.0.jar because it was already located earlier
[18:19:56] [main/DEBUG] [ne.ne.fm.lo.UniqueModListBuilder/]: Found 2 mods for first modid neoforge, selecting most recent based on version data
[18:19:56] [main/DEBUG] [ne.ne.fm.lo.UniqueModListBuilder/]: Selected file neoforge-21.1.248.jar for modid neoforge with version 21.1.248
[18:19:56] [main/DEBUG] [ne.ne.fm.lo.mo.ModFileParser/LOADING]: Considering mod file candidate 
[18:19:56] [main/DEBUG] [ne.ne.fm.lo.mo.ModFileInfo/LOADING]: Found valid mod file fabric-api-base-0.4.42+d1308ded19.jar with {fabric_api_base} mods - versions {0.4.42+d1308ded19}
[18:19:56] [main/DEBUG] [ne.ne.fm.lo.mo.ModFileParser/LOADING]: Considering mod file candidate 
[18:19:56] [main/DEBUG] [ne.ne.fm.lo.mo.ModFileInfo/LOADING]: Found valid mod file fabric-networking-api-v1-4.3.0+6db6dff919.jar with {fabric_networking_api_v1} mods - versions {4.3.0+6db6dff919}
[18:19:56] [main/DEBUG] [ne.ne.fm.lo.mo.ModFileParser/LOADING]: Considering mod file candidate 
[18:19:56] [main/DEBUG] [ne.ne.fm.lo.mo.ModFileInfo/LOADING]: Found valid mod file fabric-api-base-0.4.42+d1308ded19.jar with {fabric_api_base} mods - versions {0.4.42+d1308ded19}
[18:19:56] [main/DEBUG] [ne.ne.fm.lo.mo.ModFileParser/LOADING]: Considering mod file candidate 
[18:19:56] [main/DEBUG] [ne.ne.fm.lo.mo.ModFileInfo/LOADING]: Found valid mod file fabric-networking-api-v1-4.3.0+6db6dff919.jar with {fabric_networking_api_v1} mods - versions {4.3.0+6db6dff919}
[18:19:56] [main/INFO] [ne.ne.fm.lo.mo.lo.JarInJarDependencyLocator/]: Found 4 dependencies adding them to mods collection
[18:19:56] [main/INFO] [ne.ne.fm.lo.mo.ModDiscoverer/]: 
     Mod List:
		Name Version (Mod Id)

		Forgematica 0.4.2+mc1.21.1 (forgematica)
		Forgified Fabric API Base(ThinkingStudio) 0.4.42+d1308ded19 (fabric_api_base)
		Forgified Fabric Networking API (v1)(ThinkingStudio) 4.3.0+6db6dff919 (fabric_networking_api_v1)
		Jade 15.10.6+neoforge (jade)
		Just Enough Items 19.44.0.403 (jei)
		MaFgLib 0.4.3+mc1.21.1 (mafglib)
		Minecraft 1.21.1 (minecraft)
		NeoForge 21.1.248 (neoforge)
		幻想乡物语 1.0.0 (gensokyou)
[18:19:56] [main/DEBUG] [ne.ne.fm.lo.mo.ModFileInfo/LOADING]: Found valid mod file neoforge-21.1.248.jar with {minecraft} mods - versions {1.21.1}
[18:19:56] [main/DEBUG] [ne.ne.fm.lo.mo.ModFile/LOADING]: Loading mod file D:\code\Gensokyou\build\moddev\artifacts\neoforge-21.1.248.jar with languages [LanguageSpec[languageName=minecraft, acceptedVersions=1]]
[18:19:56] [main/DEBUG] [ne.ne.fm.lo.mo.ModFileParser/LOADING]: Considering mod file candidate 
[18:19:56] [main/DEBUG] [ne.ne.fm.lo.mo.ModFileInfo/LOADING]: Found valid mod file fabric-networking-api-v1-4.3.0+6db6dff919.jar with {fabric_networking_api_v1} mods - versions {4.3.0+6db6dff919}
[18:19:56] [main/DEBUG] [ne.ne.fm.lo.mo.ModFile/LOADING]: Loading mod file  with languages [LanguageSpec[languageName=javafml, acceptedVersions=[1,)]]
[18:19:56] [main/DEBUG] [ne.ne.fm.lo.mo.ModFile/LOADING]: Found mixin config MixinConfig[config=fabric-networking-api-v1.mixins.json, requiredMods=[]]
[18:19:56] [main/DEBUG] [ne.ne.fm.lo.mo.ModFile/LOADING]: Found mixin config MixinConfig[config=fabric-networking-api-v1.client.mixins.json, requiredMods=[]]
[18:19:56] [main/DEBUG] [ne.ne.fm.lo.mo.ModFileParser/LOADING]: Considering mod file candidate D:\code\Gensokyou\run\mods\forgematica-0.4.2+mc1.21.1.jar
[18:19:56] [main/DEBUG] [ne.ne.fm.lo.mo.ModFileInfo/LOADING]: Found valid mod file forgematica-0.4.2+mc1.21.1.jar with {forgematica,litematica} mods - versions {0.4.2+mc1.21.1,0.4.2+mc1.21.1}
[18:19:56] [main/DEBUG] [ne.ne.fm.lo.mo.ModFile/LOADING]: Loading mod file D:\code\Gensokyou\run\mods\forgematica-0.4.2+mc1.21.1.jar with languages [LanguageSpec[languageName=javafml, acceptedVersions=[4,)]]
[18:19:56] [main/DEBUG] [ne.ne.fm.lo.mo.ModFile/LOADING]: Found mixin config MixinConfig[config=mixins.litematica.json, requiredMods=[]]
[18:19:56] [main/DEBUG] [ne.ne.fm.lo.mo.ModFileParser/LOADING]: Considering mod file candidate 
[18:19:56] [main/DEBUG] [ne.ne.fm.lo.mo.ModFileInfo/LOADING]: Found valid mod file fabric-api-base-0.4.42+d1308ded19.jar with {fabric_api_base} mods - versions {0.4.42+d1308ded19}
[18:19:56] [main/DEBUG] [ne.ne.fm.lo.mo.ModFile/LOADING]: Loading mod file  with languages [LanguageSpec[languageName=javafml, acceptedVersions=[1,)]]
[18:19:56] [main/DEBUG] [ne.ne.fm.lo.mo.ModFileParser/LOADING]: Considering mod file candidate D:\code\Gensokyou\build\classes\java\main
[18:19:56] [main/DEBUG] [ne.ne.fm.lo.mo.ModFileInfo/LOADING]: Found valid mod file main with {gensokyou} mods - versions {1.0.0}
[18:19:56] [main/DEBUG] [ne.ne.fm.lo.mo.ModFile/LOADING]: Loading mod file D:\code\Gensokyou\build\classes\java\main with languages [LanguageSpec[languageName=javafml, acceptedVersions=[1,)]]
[18:19:56] [main/DEBUG] [ne.ne.fm.lo.mo.ModFileParser/LOADING]: Considering mod file candidate D:\code\Gensokyou\run\mods\Jade-1.21.1-NeoForge-15.10.6.jar
[18:19:56] [main/DEBUG] [ne.ne.fm.lo.mo.ModFileInfo/LOADING]: Found valid mod file Jade-1.21.1-NeoForge-15.10.6.jar with {jade} mods - versions {15.10.6+neoforge}
[18:19:56] [main/DEBUG] [ne.ne.fm.lo.mo.ModFile/LOADING]: Loading mod file D:\code\Gensokyou\run\mods\Jade-1.21.1-NeoForge-15.10.6.jar with languages [LanguageSpec[languageName=javafml, acceptedVersions=[1,)]]
[18:19:56] [main/DEBUG] [ne.ne.fm.lo.mo.ModFile/LOADING]: Found mixin config MixinConfig[config=jade.mixins.json, requiredMods=[]]
[18:19:56] [main/DEBUG] [ne.ne.fm.lo.mo.ModFileParser/LOADING]: Considering mod file candidate D:\code\Gensokyou\run\mods\mafglib-0.4.3+mc1.21.1.jar
[18:19:56] [main/DEBUG] [ne.ne.fm.lo.mo.ModFileInfo/LOADING]: Found valid mod file mafglib-0.4.3+mc1.21.1.jar with {mafglib,malilib} mods - versions {0.4.3+mc1.21.1,0.4.3+mc1.21.1}
[18:19:56] [main/DEBUG] [ne.ne.fm.lo.mo.ModFile/LOADING]: Loading mod file D:\code\Gensokyou\run\mods\mafglib-0.4.3+mc1.21.1.jar with languages [LanguageSpec[languageName=javafml, acceptedVersions=[4,)]]
[18:19:56] [main/DEBUG] [ne.ne.fm.lo.mo.ModFile/LOADING]: Found mixin config MixinConfig[config=mixins.malilib.json, requiredMods=[]]
[18:19:56] [main/DEBUG] [ne.ne.fm.lo.mo.ModFileParser/LOADING]: Considering mod file candidate D:\code\Gensokyou\build\moddev\artifacts\neoforge-21.1.248.jar
[18:19:56] [main/DEBUG] [ne.ne.fm.lo.mo.ModFileInfo/LOADING]: Found valid mod file neoforge-21.1.248.jar with {neoforge} mods - versions {21.1.248}
[18:19:56] [main/DEBUG] [ne.ne.fm.lo.mo.ModFile/LOADING]: Loading mod file D:\code\Gensokyou\build\moddev\artifacts\neoforge-21.1.248.jar with languages [LanguageSpec[languageName=javafml, acceptedVersions=[3,]]]
[18:19:56] [main/DEBUG] [ne.ne.fm.lo.mo.ModFile/LOADING]: Found mixin config MixinConfig[config=neoforge.mixins.json, requiredMods=[]]
[18:19:56] [main/DEBUG] [ne.ne.fm.lo.mo.ModFileParser/LOADING]: Considering mod file candidate C:\Users\etsuraku\.gradle\caches\modules-2\files-2.1\mezz.jei\jei-1.21.1-neoforge\19.44.0.403\f027864a444572205a546c78c48b882335540eb2\jei-1.21.1-neoforge-19.44.0.403.jar
[18:19:56] [main/DEBUG] [ne.ne.fm.lo.mo.ModFileInfo/LOADING]: Found valid mod file jei-1.21.1-neoforge-19.44.0.403.jar with {jei} mods - versions {19.44.0.403}
[18:19:56] [main/DEBUG] [ne.ne.fm.lo.mo.ModFile/LOADING]: Loading mod file C:\Users\etsuraku\.gradle\caches\modules-2\files-2.1\mezz.jei\jei-1.21.1-neoforge\19.44.0.403\f027864a444572205a546c78c48b882335540eb2\jei-1.21.1-neoforge-19.44.0.403.jar with languages [LanguageSpec[languageName=javafml, acceptedVersions=[4,)]]
[18:19:56] [main/DEBUG] [ne.ne.fm.lo.mo.ModFile/LOADING]: Loading mod file  with languages []
[18:19:56] [main/DEBUG] [cp.mo.mo.TransformationServiceDecorator/MODLAUNCHER]: End scan trigger - transformation service fml
[18:19:56] [main/DEBUG] [ne.ne.fm.ut.ServiceLoaderUtil/CORE]: Found 3 implementations of IModLanguageLoader:
[18:19:56] [main/DEBUG] [ne.ne.fm.ut.ServiceLoaderUtil/CORE]: 	net.neoforged.fml.javafmlmod.FMLJavaModLanguageProvider from loader-4.0.43.jar
[18:19:56] [main/DEBUG] [ne.ne.fm.ut.ServiceLoaderUtil/CORE]: 	net.neoforged.fml.lowcodemod.LowCodeModLanguageProvider from loader-4.0.43.jar
[18:19:56] [main/DEBUG] [ne.ne.fm.ut.ServiceLoaderUtil/CORE]: 	net.neoforged.fml.mclanguageprovider.MinecraftModLanguageProvider from loader-4.0.43.jar
[18:19:56] [main/DEBUG] [ne.ne.fm.lo.LanguageProviderLoader/CORE]: Found language provider javafml, version 4.0.43
[18:19:56] [main/DEBUG] [ne.ne.fm.lo.LanguageProviderLoader/CORE]: Found language provider lowcodefml, version 4.0.43
[18:19:56] [main/DEBUG] [ne.ne.fm.lo.LanguageProviderLoader/CORE]: Found language provider minecraft, version 4.0.43
[18:19:56] [main/DEBUG] [ne.ne.fm.lo.ModSorter/]: Configured system mods: [minecraft, neoforge]
[18:19:56] [main/DEBUG] [ne.ne.fm.lo.ModSorter/]: Found system mod: minecraft
[18:19:56] [main/DEBUG] [ne.ne.fm.lo.ModSorter/]: Found system mod: neoforge
[18:19:56] [main/DEBUG] [ne.ne.fm.lo.ModSorter/LOADING]: Found 16 mod requirements (15 mandatory, 1 optional)
[18:19:56] [main/DEBUG] [ne.ne.fm.lo.ModSorter/LOADING]: Found 0 mod requirements missing (0 mandatory, 0 optional)
[18:19:56] [main/DEBUG] [mixin/]: Adding mixin platform agents for container net.neoforged.fml.loading.mixin.FMLMixinContainerHandle@5b22b970
[18:19:56] [main/DEBUG] [mixin/]: Instancing new MixinPlatformAgentMinecraftForge for net.neoforged.fml.loading.mixin.FMLMixinContainerHandle@5b22b970
[18:19:56] [main/DEBUG] [mixin/]: MixinPlatformAgentMinecraftForge rejected container net.neoforged.fml.loading.mixin.FMLMixinContainerHandle@5b22b970
[18:19:56] [main/DEBUG] [mixin/]: Instancing new MixinPlatformAgentDefault for net.neoforged.fml.loading.mixin.FMLMixinContainerHandle@5b22b970
[18:19:56] [main/DEBUG] [mixin/]: MixinPlatformAgentDefault accepted container net.neoforged.fml.loading.mixin.FMLMixinContainerHandle@5b22b970
[18:19:56] [main/DEBUG] [mixin/]: Instancing new FMLMixinPlatformAgent for net.neoforged.fml.loading.mixin.FMLMixinContainerHandle@5b22b970
[18:19:56] [main/DEBUG] [mixin/]: FMLMixinPlatformAgent accepted container net.neoforged.fml.loading.mixin.FMLMixinContainerHandle@5b22b970
[18:19:56] [main/DEBUG] [cp.mo.mo.TransformationServicesHandler/MODLAUNCHER]: Transformation services loading transformers
[18:19:56] [main/DEBUG] [cp.mo.mo.TransformationServiceDecorator/MODLAUNCHER]: Initializing transformers for transformation service mixin
[18:19:56] [main/DEBUG] [cp.mo.mo.TransformationServiceDecorator/MODLAUNCHER]: Initialized transformers for transformation service mixin
[18:19:56] [main/DEBUG] [cp.mo.mo.TransformationServiceDecorator/MODLAUNCHER]: Initializing transformers for transformation service fml
[18:19:56] [main/DEBUG] [ne.ne.fm.lo.FMLServiceProvider/LOADING]: Loading coremod transformers
[18:19:56] [main/DEBUG] [ne.ne.fm.lo.FMLServiceProvider/CORE]: Not loading coremod script-engine since no mod requested it
[18:19:56] [main/DEBUG] [ne.ne.fm.ut.ServiceLoaderUtil/CORE]: Found 1 implementations of ICoreMod:
[18:19:56] [main/DEBUG] [ne.ne.fm.ut.ServiceLoaderUtil/CORE]: 	net.neoforged.neoforge.coremods.NeoForgeCoreMod from neoforge-21.1.248.jar > net.neoforged.neoforge-coremods-21.1.248.jar
[18:19:56] [main/DEBUG] [ne.ne.fm.lo.FMLServiceProvider/CORE]: Adding [Target[className=net.minecraft.world.level.biome.Biome, elementName=, elementDescriptor=, targetType=cpw.mods.modlauncher.api.TargetType@6fe1b4fb]] transformer from core-mod net.neoforged.neoforge.coremods.NeoForgeCoreMod@41c204a0 in neoforge-21.1.248.jar > net.neoforged.neoforge-coremods-21.1.248.jar
[18:19:56] [main/DEBUG] [ne.ne.fm.lo.FMLServiceProvider/CORE]: Adding [Target[className=net.minecraft.world.level.levelgen.structure.Structure, elementName=, elementDescriptor=, targetType=cpw.mods.modlauncher.api.TargetType@6fe1b4fb]] transformer from core-mod net.neoforged.neoforge.coremods.NeoForgeCoreMod@41c204a0 in neoforge-21.1.248.jar > net.neoforged.neoforge-coremods-21.1.248.jar
[18:19:56] [main/DEBUG] [ne.ne.fm.lo.FMLServiceProvider/CORE]: Adding [Target[className=net.minecraft.world.level.block.FlowerPotBlock, elementName=, elementDescriptor=, targetType=cpw.mods.modlauncher.api.TargetType@6fe1b4fb]] transformer from core-mod net.neoforged.neoforge.coremods.NeoForgeCoreMod@41c204a0 in neoforge-21.1.248.jar > net.neoforged.neoforge-coremods-21.1.248.jar
[18:19:56] [main/DEBUG] [ne.ne.fm.lo.FMLServiceProvider/CORE]: Adding [Target[className=net/minecraft/world/level/NaturalSpawner, elementName=, elementDescriptor=, targetType=cpw.mods.modlauncher.api.TargetType@6fe1b4fb], Target[className=net/minecraft/world/entity/ai/village/VillageSiege, elementName=, elementDescriptor=, targetType=cpw.mods.modlauncher.api.TargetType@6fe1b4fb], Target[className=net/minecraft/world/entity/npc/Villager, elementName=, elementDescriptor=, targetType=cpw.mods.modlauncher.api.TargetType@6fe1b4fb], Target[className=net/minecraft/world/level/levelgen/structure/structures/OceanRuinPieces$OceanRuinPiece, elementName=, elementDescriptor=, targetType=cpw.mods.modlauncher.api.TargetType@6fe1b4fb], Target[className=net/minecraft/world/entity/animal/frog/Tadpole, elementName=, elementDescriptor=, targetType=cpw.mods.modlauncher.api.TargetType@6fe1b4fb], Target[className=net/minecraft/world/level/levelgen/PhantomSpawner, elementName=, elementDescriptor=, targetType=cpw.mods.modlauncher.api.TargetType@6fe1b4fb], Target[className=net/minecraft/world/entity/monster/Evoker$EvokerSummonSpellGoal, elementName=, elementDescriptor=, targetType=cpw.mods.modlauncher.api.TargetType@6fe1b4fb], Target[className=net/minecraft/world/level/levelgen/structure/structures/OceanMonumentPieces$OceanMonumentPiece, elementName=, elementDescriptor=, targetType=cpw.mods.modlauncher.api.TargetType@6fe1b4fb], Target[className=net/minecraft/world/level/levelgen/structure/structures/SwampHutPiece, elementName=, elementDescriptor=, targetType=cpw.mods.modlauncher.api.TargetType@6fe1b4fb], Target[className=net/minecraft/world/entity/monster/ZombieVillager, elementName=, elementDescriptor=, targetType=cpw.mods.modlauncher.api.TargetType@6fe1b4fb], Target[className=net/minecraft/world/level/levelgen/PatrolSpawner, elementName=, elementDescriptor=, targetType=cpw.mods.modlauncher.api.TargetType@6fe1b4fb], Target[className=net/minecraft/world/level/levelgen/structure/templatesystem/StructureTemplate, elementName=, elementDescriptor=, targetType=cpw.mods.modlauncher.api.TargetType@6fe1b4fb], Target[className=net/minecraft/world/entity/monster/Spider, elementName=, elementDescriptor=, targetType=cpw.mods.modlauncher.api.TargetType@6fe1b4fb], Target[className=net/minecraft/world/entity/EntityType, elementName=, elementDescriptor=, targetType=cpw.mods.modlauncher.api.TargetType@6fe1b4fb], Target[className=net/minecraft/world/entity/monster/Strider, elementName=, elementDescriptor=, targetType=cpw.mods.modlauncher.api.TargetType@6fe1b4fb], Target[className=net/minecraft/world/entity/monster/Zombie, elementName=, elementDescriptor=, targetType=cpw.mods.modlauncher.api.TargetType@6fe1b4fb], Target[className=net/minecraft/world/entity/raid/Raid, elementName=, elementDescriptor=, targetType=cpw.mods.modlauncher.api.TargetType@6fe1b4fb], Target[className=net/minecraft/server/commands/RaidCommand, elementName=, elementDescriptor=, targetType=cpw.mods.modlauncher.api.TargetType@6fe1b4fb], Target[className=net/minecraft/world/entity/animal/horse/SkeletonTrapGoal, elementName=, elementDescriptor=, targetType=cpw.mods.modlauncher.api.TargetType@6fe1b4fb], Target[className=net/minecraft/world/entity/npc/CatSpawner, elementName=, elementDescriptor=, targetType=cpw.mods.modlauncher.api.TargetType@6fe1b4fb], Target[className=net/minecraft/server/commands/SummonCommand, elementName=, elementDescriptor=, targetType=cpw.mods.modlauncher.api.TargetType@6fe1b4fb], Target[className=net/minecraft/world/level/levelgen/structure/structures/WoodlandMansionPieces$WoodlandMansionPiece, elementName=, elementDescriptor=, targetType=cpw.mods.modlauncher.api.TargetType@6fe1b4fb]] transformer from core-mod net.neoforged.neoforge.coremods.NeoForgeCoreMod@41c204a0 in neoforge-21.1.248.jar > net.neoforged.neoforge-coremods-21.1.248.jar
[18:19:56] [main/DEBUG] [cp.mo.mo.TransformStore/MODLAUNCHER]: Adding transformer net.neoforged.neoforge.coremods.ReplaceFieldWithGetterAccess@52b6319f to Target : cpw.mods.modlauncher.api.TargetType@6fe1b4fb {Lnet/minecraft/world/level/biome/Biome;} {} {V}
[18:19:56] [main/DEBUG] [cp.mo.mo.TransformStore/MODLAUNCHER]: Adding transformer net.neoforged.neoforge.coremods.ReplaceFieldWithGetterAccess@5bcde458 to Target : cpw.mods.modlauncher.api.TargetType@6fe1b4fb {Lnet/minecraft/world/level/levelgen/structure/Structure;} {} {V}
[18:19:56] [main/DEBUG] [cp.mo.mo.TransformStore/MODLAUNCHER]: Adding transformer net.neoforged.neoforge.coremods.ReplaceFieldWithGetterAccess@215a34b4 to Target : cpw.mods.modlauncher.api.TargetType@6fe1b4fb {Lnet/minecraft/world/level/block/FlowerPotBlock;} {} {V}
[18:19:56] [main/DEBUG] [cp.mo.mo.TransformStore/MODLAUNCHER]: Adding transformer net.neoforged.neoforge.coremods.MethodRedirector@77bd7fe7 to Target : cpw.mods.modlauncher.api.TargetType@6fe1b4fb {Lnet/minecraft/world/level/NaturalSpawner;} {} {V}
[18:19:56] [main/DEBUG] [cp.mo.mo.TransformStore/MODLAUNCHER]: Adding transformer net.neoforged.neoforge.coremods.MethodRedirector@77bd7fe7 to Target : cpw.mods.modlauncher.api.TargetType@6fe1b4fb {Lnet/minecraft/world/entity/ai/village/VillageSiege;} {} {V}
[18:19:56] [main/DEBUG] [cp.mo.mo.TransformStore/MODLAUNCHER]: Adding transformer net.neoforged.neoforge.coremods.MethodRedirector@77bd7fe7 to Target : cpw.mods.modlauncher.api.TargetType@6fe1b4fb {Lnet/minecraft/world/entity/npc/Villager;} {} {V}
[18:19:56] [main/DEBUG] [cp.mo.mo.TransformStore/MODLAUNCHER]: Adding transformer net.neoforged.neoforge.coremods.MethodRedirector@77bd7fe7 to Target : cpw.mods.modlauncher.api.TargetType@6fe1b4fb {Lnet/minecraft/world/level/levelgen/structure/structures/OceanRuinPieces$OceanRuinPiece;} {} {V}
[18:19:56] [main/DEBUG] [cp.mo.mo.TransformStore/MODLAUNCHER]: Adding transformer net.neoforged.neoforge.coremods.MethodRedirector@77bd7fe7 to Target : cpw.mods.modlauncher.api.TargetType@6fe1b4fb {Lnet/minecraft/world/entity/animal/frog/Tadpole;} {} {V}
[18:19:56] [main/DEBUG] [cp.mo.mo.TransformStore/MODLAUNCHER]: Adding transformer net.neoforged.neoforge.coremods.MethodRedirector@77bd7fe7 to Target : cpw.mods.modlauncher.api.TargetType@6fe1b4fb {Lnet/minecraft/world/level/levelgen/PhantomSpawner;} {} {V}
[18:19:56] [main/DEBUG] [cp.mo.mo.TransformStore/MODLAUNCHER]: Adding transformer net.neoforged.neoforge.coremods.MethodRedirector@77bd7fe7 to Target : cpw.mods.modlauncher.api.TargetType@6fe1b4fb {Lnet/minecraft/world/entity/monster/Evoker$EvokerSummonSpellGoal;} {} {V}
[18:19:56] [main/DEBUG] [cp.mo.mo.TransformStore/MODLAUNCHER]: Adding transformer net.neoforged.neoforge.coremods.MethodRedirector@77bd7fe7 to Target : cpw.mods.modlauncher.api.TargetType@6fe1b4fb {Lnet/minecraft/world/level/levelgen/structure/structures/OceanMonumentPieces$OceanMonumentPiece;} {} {V}
[18:19:56] [main/DEBUG] [cp.mo.mo.TransformStore/MODLAUNCHER]: Adding transformer net.neoforged.neoforge.coremods.MethodRedirector@77bd7fe7 to Target : cpw.mods.modlauncher.api.TargetType@6fe1b4fb {Lnet/minecraft/world/level/levelgen/structure/structures/SwampHutPiece;} {} {V}
[18:19:56] [main/DEBUG] [cp.mo.mo.TransformStore/MODLAUNCHER]: Adding transformer net.neoforged.neoforge.coremods.MethodRedirector@77bd7fe7 to Target : cpw.mods.modlauncher.api.TargetType@6fe1b4fb {Lnet/minecraft/world/entity/monster/ZombieVillager;} {} {V}
[18:19:56] [main/DEBUG] [cp.mo.mo.TransformStore/MODLAUNCHER]: Adding transformer net.neoforged.neoforge.coremods.MethodRedirector@77bd7fe7 to Target : cpw.mods.modlauncher.api.TargetType@6fe1b4fb {Lnet/minecraft/world/level/levelgen/PatrolSpawner;} {} {V}
[18:19:56] [main/DEBUG] [cp.mo.mo.TransformStore/MODLAUNCHER]: Adding transformer net.neoforged.neoforge.coremods.MethodRedirector@77bd7fe7 to Target : cpw.mods.modlauncher.api.TargetType@6fe1b4fb {Lnet/minecraft/world/level/levelgen/structure/templatesystem/StructureTemplate;} {} {V}
[18:19:56] [main/DEBUG] [cp.mo.mo.TransformStore/MODLAUNCHER]: Adding transformer net.neoforged.neoforge.coremods.MethodRedirector@77bd7fe7 to Target : cpw.mods.modlauncher.api.TargetType@6fe1b4fb {Lnet/minecraft/world/entity/monster/Spider;} {} {V}
[18:19:56] [main/DEBUG] [cp.mo.mo.TransformStore/MODLAUNCHER]: Adding transformer net.neoforged.neoforge.coremods.MethodRedirector@77bd7fe7 to Target : cpw.mods.modlauncher.api.TargetType@6fe1b4fb {Lnet/minecraft/world/entity/EntityType;} {} {V}
[18:19:56] [main/DEBUG] [cp.mo.mo.TransformStore/MODLAUNCHER]: Adding transformer net.neoforged.neoforge.coremods.MethodRedirector@77bd7fe7 to Target : cpw.mods.modlauncher.api.TargetType@6fe1b4fb {Lnet/minecraft/world/entity/monster/Strider;} {} {V}
[18:19:56] [main/DEBUG] [cp.mo.mo.TransformStore/MODLAUNCHER]: Adding transformer net.neoforged.neoforge.coremods.MethodRedirector@77bd7fe7 to Target : cpw.mods.modlauncher.api.TargetType@6fe1b4fb {Lnet/minecraft/world/entity/monster/Zombie;} {} {V}
[18:19:56] [main/DEBUG] [cp.mo.mo.TransformStore/MODLAUNCHER]: Adding transformer net.neoforged.neoforge.coremods.MethodRedirector@77bd7fe7 to Target : cpw.mods.modlauncher.api.TargetType@6fe1b4fb {Lnet/minecraft/world/entity/raid/Raid;} {} {V}
[18:19:56] [main/DEBUG] [cp.mo.mo.TransformStore/MODLAUNCHER]: Adding transformer net.neoforged.neoforge.coremods.MethodRedirector@77bd7fe7 to Target : cpw.mods.modlauncher.api.TargetType@6fe1b4fb {Lnet/minecraft/server/commands/RaidCommand;} {} {V}
[18:19:56] [main/DEBUG] [cp.mo.mo.TransformStore/MODLAUNCHER]: Adding transformer net.neoforged.neoforge.coremods.MethodRedirector@77bd7fe7 to Target : cpw.mods.modlauncher.api.TargetType@6fe1b4fb {Lnet/minecraft/world/entity/animal/horse/SkeletonTrapGoal;} {} {V}
[18:19:56] [main/DEBUG] [cp.mo.mo.TransformStore/MODLAUNCHER]: Adding transformer net.neoforged.neoforge.coremods.MethodRedirector@77bd7fe7 to Target : cpw.mods.modlauncher.api.TargetType@6fe1b4fb {Lnet/minecraft/world/entity/npc/CatSpawner;} {} {V}
[18:19:56] [main/DEBUG] [cp.mo.mo.TransformStore/MODLAUNCHER]: Adding transformer net.neoforged.neoforge.coremods.MethodRedirector@77bd7fe7 to Target : cpw.mods.modlauncher.api.TargetType@6fe1b4fb {Lnet/minecraft/server/commands/SummonCommand;} {} {V}
[18:19:56] [main/DEBUG] [cp.mo.mo.TransformStore/MODLAUNCHER]: Adding transformer net.neoforged.neoforge.coremods.MethodRedirector@77bd7fe7 to Target : cpw.mods.modlauncher.api.TargetType@6fe1b4fb {Lnet/minecraft/world/level/levelgen/structure/structures/WoodlandMansionPieces$WoodlandMansionPiece;} {} {V}
[18:19:56] [main/DEBUG] [cp.mo.mo.TransformationServiceDecorator/MODLAUNCHER]: Initialized transformers for transformation service fml
[18:19:57] [main/DEBUG] [mixin/]: Processing prepare() for PlatformAgent[MixinPlatformAgentDefault:ModLauncher Root Container(ModLauncher:4f56a0a2)]
[18:19:57] [main/DEBUG] [mixin/]: Processing prepare() for PlatformAgent[MixinPlatformAgentDefault:net.neoforged.fml.loading.mixin.FMLMixinContainerHandle@5b22b970]
[18:19:57] [main/DEBUG] [mixin/]: Processing prepare() for PlatformAgent[FMLMixinPlatformAgent:null]
[18:19:58] [main/DEBUG] [mixin/]: Compatibility level JAVA_21 specified by mixins.litematica.json is higher than the maximum level supported by this version of mixin (JAVA_13).
[18:19:58] [main/INFO] [mixin/]: Compatibility level set to JAVA_21
[18:19:58] [main/DEBUG] [mixin/]: Compatibility level JAVA_17 specified by fabric-networking-api-v1.mixins.json is higher than the maximum level supported by this version of mixin (JAVA_13).
[18:19:58] [main/DEBUG] [mixin/]: Mixin config fabric-networking-api-v1.mixins.json does not specify "minVersion" or "requiredFeatures" property
[18:19:58] [main/DEBUG] [mixin/]: Compatibility level JAVA_17 specified by fabric-networking-api-v1.client.mixins.json is higher than the maximum level supported by this version of mixin (JAVA_13).
[18:19:58] [main/DEBUG] [mixin/]: Mixin config fabric-networking-api-v1.client.mixins.json does not specify "minVersion" or "requiredFeatures" property
[18:19:58] [main/DEBUG] [mixin/]: Compatibility level JAVA_16 specified by jade.mixins.json is higher than the maximum level supported by this version of mixin (JAVA_13).
[18:19:58] [main/DEBUG] [mixin/]: Processing launch tasks for PlatformAgent[MixinPlatformAgentDefault:ModLauncher Root Container(ModLauncher:4f56a0a2)]
[18:19:58] [main/DEBUG] [mixin/]: Adding mixin platform agents for container SecureJarResource(mixin_synthetic)
[18:19:58] [main/DEBUG] [mixin/]: Instancing new MixinPlatformAgentMinecraftForge for SecureJarResource(mixin_synthetic)
[18:19:58] [main/DEBUG] [mixin/]: MixinPlatformAgentMinecraftForge rejected container SecureJarResource(mixin_synthetic)
[18:19:58] [main/DEBUG] [mixin/]: Instancing new MixinPlatformAgentDefault for SecureJarResource(mixin_synthetic)
[18:19:58] [main/DEBUG] [mixin/]: MixinPlatformAgentDefault accepted container SecureJarResource(mixin_synthetic)
[18:19:58] [main/DEBUG] [mixin/]: Instancing new FMLMixinPlatformAgent for SecureJarResource(mixin_synthetic)
[18:19:58] [main/DEBUG] [mixin/]: FMLMixinPlatformAgent rejected container SecureJarResource(mixin_synthetic)
[18:19:58] [main/DEBUG] [mixin/]: Processing prepare() for PlatformAgent[MixinPlatformAgentDefault:SecureJarResource(mixin_synthetic)]
[18:19:58] [main/DEBUG] [mixin/]: Adding mixin platform agents for container SecureJarResource(minecraft)
[18:19:58] [main/DEBUG] [mixin/]: Instancing new MixinPlatformAgentMinecraftForge for SecureJarResource(minecraft)
[18:19:58] [main/DEBUG] [mixin/]: MixinPlatformAgentMinecraftForge rejected container SecureJarResource(minecraft)
[18:19:58] [main/DEBUG] [mixin/]: Instancing new MixinPlatformAgentDefault for SecureJarResource(minecraft)
[18:19:58] [main/DEBUG] [mixin/]: MixinPlatformAgentDefault accepted container SecureJarResource(minecraft)
[18:19:58] [main/DEBUG] [mixin/]: Instancing new FMLMixinPlatformAgent for SecureJarResource(minecraft)
[18:19:58] [main/DEBUG] [mixin/]: FMLMixinPlatformAgent rejected container SecureJarResource(minecraft)
[18:19:58] [main/DEBUG] [mixin/]: Processing prepare() for PlatformAgent[MixinPlatformAgentDefault:SecureJarResource(minecraft)]
[18:19:58] [main/DEBUG] [mixin/]: Adding mixin platform agents for container SecureJarResource(forgematica)
[18:19:58] [main/DEBUG] [mixin/]: Instancing new MixinPlatformAgentMinecraftForge for SecureJarResource(forgematica)
[18:19:58] [main/DEBUG] [mixin/]: MixinPlatformAgentMinecraftForge rejected container SecureJarResource(forgematica)
[18:19:58] [main/DEBUG] [mixin/]: Instancing new MixinPlatformAgentDefault for SecureJarResource(forgematica)
[18:19:58] [main/DEBUG] [mixin/]: MixinPlatformAgentDefault accepted container SecureJarResource(forgematica)
[18:19:58] [main/DEBUG] [mixin/]: Instancing new FMLMixinPlatformAgent for SecureJarResource(forgematica)
[18:19:58] [main/DEBUG] [mixin/]: FMLMixinPlatformAgent rejected container SecureJarResource(forgematica)
[18:19:58] [main/DEBUG] [mixin/]: Processing prepare() for PlatformAgent[MixinPlatformAgentDefault:SecureJarResource(forgematica)]
[18:19:58] [main/DEBUG] [mixin/]: Adding mixin platform agents for container SecureJarResource(fabric_networking_api_v1)
[18:19:58] [main/DEBUG] [mixin/]: Instancing new MixinPlatformAgentMinecraftForge for SecureJarResource(fabric_networking_api_v1)
[18:19:58] [main/DEBUG] [mixin/]: MixinPlatformAgentMinecraftForge rejected container SecureJarResource(fabric_networking_api_v1)
[18:19:58] [main/DEBUG] [mixin/]: Instancing new MixinPlatformAgentDefault for SecureJarResource(fabric_networking_api_v1)
[18:19:58] [main/DEBUG] [mixin/]: MixinPlatformAgentDefault accepted container SecureJarResource(fabric_networking_api_v1)
[18:19:58] [main/DEBUG] [mixin/]: Instancing new FMLMixinPlatformAgent for SecureJarResource(fabric_networking_api_v1)
[18:19:58] [main/DEBUG] [mixin/]: FMLMixinPlatformAgent rejected container SecureJarResource(fabric_networking_api_v1)
[18:19:58] [main/DEBUG] [mixin/]: Processing prepare() for PlatformAgent[MixinPlatformAgentDefault:SecureJarResource(fabric_networking_api_v1)]
[18:19:58] [main/DEBUG] [mixin/]: Adding mixin platform agents for container SecureJarResource(fabric_api_base)
[18:19:58] [main/DEBUG] [mixin/]: Instancing new MixinPlatformAgentMinecraftForge for SecureJarResource(fabric_api_base)
[18:19:58] [main/DEBUG] [mixin/]: MixinPlatformAgentMinecraftForge rejected container SecureJarResource(fabric_api_base)
[18:19:58] [main/DEBUG] [mixin/]: Instancing new MixinPlatformAgentDefault for SecureJarResource(fabric_api_base)
[18:19:58] [main/DEBUG] [mixin/]: MixinPlatformAgentDefault accepted container SecureJarResource(fabric_api_base)
[18:19:58] [main/DEBUG] [mixin/]: Instancing new FMLMixinPlatformAgent for SecureJarResource(fabric_api_base)
[18:19:58] [main/DEBUG] [mixin/]: FMLMixinPlatformAgent rejected container SecureJarResource(fabric_api_base)
[18:19:58] [main/DEBUG] [mixin/]: Processing prepare() for PlatformAgent[MixinPlatformAgentDefault:SecureJarResource(fabric_api_base)]
[18:19:58] [main/DEBUG] [mixin/]: Adding mixin platform agents for container SecureJarResource(jade)
[18:19:58] [main/DEBUG] [mixin/]: Instancing new MixinPlatformAgentMinecraftForge for SecureJarResource(jade)
[18:19:58] [main/DEBUG] [mixin/]: MixinPlatformAgentMinecraftForge rejected container SecureJarResource(jade)
[18:19:58] [main/DEBUG] [mixin/]: Instancing new MixinPlatformAgentDefault for SecureJarResource(jade)
[18:19:58] [main/DEBUG] [mixin/]: MixinPlatformAgentDefault accepted container SecureJarResource(jade)
[18:19:58] [main/DEBUG] [mixin/]: Instancing new FMLMixinPlatformAgent for SecureJarResource(jade)
[18:19:58] [main/DEBUG] [mixin/]: FMLMixinPlatformAgent rejected container SecureJarResource(jade)
[18:19:58] [main/DEBUG] [mixin/]: Processing prepare() for PlatformAgent[MixinPlatformAgentDefault:SecureJarResource(jade)]
[18:19:58] [main/DEBUG] [mixin/]: Registering mixin config: jade.mixins.json source=SecureJarResource(jade)
[18:19:58] [main/DEBUG] [mixin/]: Adding mixin platform agents for container SecureJarResource(mafglib)
[18:19:58] [main/DEBUG] [mixin/]: Instancing new MixinPlatformAgentMinecraftForge for SecureJarResource(mafglib)
[18:19:58] [main/DEBUG] [mixin/]: MixinPlatformAgentMinecraftForge rejected container SecureJarResource(mafglib)
[18:19:58] [main/DEBUG] [mixin/]: Instancing new MixinPlatformAgentDefault for SecureJarResource(mafglib)
[18:19:58] [main/DEBUG] [mixin/]: MixinPlatformAgentDefault accepted container SecureJarResource(mafglib)
[18:19:58] [main/DEBUG] [mixin/]: Instancing new FMLMixinPlatformAgent for SecureJarResource(mafglib)
[18:19:58] [main/DEBUG] [mixin/]: FMLMixinPlatformAgent rejected container SecureJarResource(mafglib)
[18:19:58] [main/DEBUG] [mixin/]: Processing prepare() for PlatformAgent[MixinPlatformAgentDefault:SecureJarResource(mafglib)]
[18:19:58] [main/DEBUG] [mixin/]: Adding mixin platform agents for container SecureJarResource(jei)
[18:19:58] [main/DEBUG] [mixin/]: Instancing new MixinPlatformAgentMinecraftForge for SecureJarResource(jei)
[18:19:58] [main/DEBUG] [mixin/]: MixinPlatformAgentMinecraftForge rejected container SecureJarResource(jei)
[18:19:58] [main/DEBUG] [mixin/]: Instancing new MixinPlatformAgentDefault for SecureJarResource(jei)
[18:19:58] [main/DEBUG] [mixin/]: MixinPlatformAgentDefault accepted container SecureJarResource(jei)
[18:19:58] [main/DEBUG] [mixin/]: Instancing new FMLMixinPlatformAgent for SecureJarResource(jei)
[18:19:58] [main/DEBUG] [mixin/]: FMLMixinPlatformAgent rejected container SecureJarResource(jei)
[18:19:58] [main/DEBUG] [mixin/]: Processing prepare() for PlatformAgent[MixinPlatformAgentDefault:SecureJarResource(jei)]
[18:19:58] [main/DEBUG] [mixin/]: Adding mixin platform agents for container SecureJarResource(gensokyou)
[18:19:58] [main/DEBUG] [mixin/]: Instancing new MixinPlatformAgentMinecraftForge for SecureJarResource(gensokyou)
[18:19:58] [main/DEBUG] [mixin/]: MixinPlatformAgentMinecraftForge rejected container SecureJarResource(gensokyou)
[18:19:58] [main/DEBUG] [mixin/]: Instancing new MixinPlatformAgentDefault for SecureJarResource(gensokyou)
[18:19:58] [main/DEBUG] [mixin/]: MixinPlatformAgentDefault accepted container SecureJarResource(gensokyou)
[18:19:58] [main/DEBUG] [mixin/]: Instancing new FMLMixinPlatformAgent for SecureJarResource(gensokyou)
[18:19:58] [main/DEBUG] [mixin/]: FMLMixinPlatformAgent rejected container SecureJarResource(gensokyou)
[18:19:58] [main/DEBUG] [mixin/]: Processing prepare() for PlatformAgent[MixinPlatformAgentDefault:SecureJarResource(gensokyou)]
[18:19:58] [main/DEBUG] [mixin/]: Adding mixin platform agents for container SecureJarResource(mixinextras.neoforge)
[18:19:58] [main/DEBUG] [mixin/]: Instancing new MixinPlatformAgentMinecraftForge for SecureJarResource(mixinextras.neoforge)
[18:19:58] [main/DEBUG] [mixin/]: MixinPlatformAgentMinecraftForge rejected container SecureJarResource(mixinextras.neoforge)
[18:19:58] [main/DEBUG] [mixin/]: Instancing new MixinPlatformAgentDefault for SecureJarResource(mixinextras.neoforge)
[18:19:58] [main/DEBUG] [mixin/]: MixinPlatformAgentDefault accepted container SecureJarResource(mixinextras.neoforge)
[18:19:58] [main/DEBUG] [mixin/]: Instancing new FMLMixinPlatformAgent for SecureJarResource(mixinextras.neoforge)
[18:19:58] [main/DEBUG] [mixin/]: FMLMixinPlatformAgent rejected container SecureJarResource(mixinextras.neoforge)
[18:19:58] [main/DEBUG] [mixin/]: Processing prepare() for PlatformAgent[MixinPlatformAgentDefault:SecureJarResource(mixinextras.neoforge)]
[18:19:58] [main/DEBUG] [mixin/]: Registering mixin config: mixinextras.init.mixins.json source=SecureJarResource(mixinextras.neoforge)
[18:19:58] [main/DEBUG] [mixin/]: inject() running with 12 agents
[18:19:58] [main/DEBUG] [mixin/]: Processing inject() for PlatformAgent[MixinPlatformAgentDefault:ModLauncher Root Container(ModLauncher:4f56a0a2)]
[18:19:58] [main/DEBUG] [mixin/]: Processing inject() for PlatformAgent[MixinPlatformAgentDefault:net.neoforged.fml.loading.mixin.FMLMixinContainerHandle@5b22b970]
[18:19:58] [main/DEBUG] [mixin/]: Processing inject() for PlatformAgent[FMLMixinPlatformAgent:null]
[18:19:58] [main/DEBUG] [mixin/]: Processing inject() for PlatformAgent[MixinPlatformAgentDefault:SecureJarResource(mixin_synthetic)]
[18:19:58] [main/DEBUG] [mixin/]: Processing inject() for PlatformAgent[MixinPlatformAgentDefault:SecureJarResource(minecraft)]
[18:19:58] [main/DEBUG] [mixin/]: Processing inject() for PlatformAgent[MixinPlatformAgentDefault:SecureJarResource(forgematica)]
[18:19:58] [main/DEBUG] [mixin/]: Processing inject() for PlatformAgent[MixinPlatformAgentDefault:SecureJarResource(fabric_networking_api_v1)]
[18:19:58] [main/DEBUG] [mixin/]: Processing inject() for PlatformAgent[MixinPlatformAgentDefault:SecureJarResource(fabric_api_base)]
[18:19:58] [main/DEBUG] [mixin/]: Processing inject() for PlatformAgent[MixinPlatformAgentDefault:SecureJarResource(jade)]
[18:19:58] [main/DEBUG] [mixin/]: Processing inject() for PlatformAgent[MixinPlatformAgentDefault:SecureJarResource(mafglib)]
[18:19:58] [main/DEBUG] [mixin/]: Processing inject() for PlatformAgent[MixinPlatformAgentDefault:SecureJarResource(jei)]
[18:19:58] [main/DEBUG] [mixin/]: Processing inject() for PlatformAgent[MixinPlatformAgentDefault:SecureJarResource(gensokyou)]
[18:19:58] [main/DEBUG] [mixin/]: Processing inject() for PlatformAgent[MixinPlatformAgentDefault:SecureJarResource(mixinextras.neoforge)]
[18:19:58] [main/INFO] [cp.mo.mo.LaunchServiceHandler/MODLAUNCHER]: Launching target 'forgeserverdev' with arguments [--gameDir, ., --nogui]
[18:19:58] [main/DEBUG] [mixin/]: Preparing mixins for MixinEnvironment[DEFAULT]
[18:19:58] [main/DEBUG] [mixin/]: Selecting config mixins.litematica.json
[18:19:58] [main/DEBUG] [mixin/]: Selecting config fabric-networking-api-v1.mixins.json
[18:19:58] [main/DEBUG] [mixin/]: Selecting config fabric-networking-api-v1.client.mixins.json
[18:19:58] [main/DEBUG] [mixin/]: Selecting config jade.mixins.json
[18:19:58] [main/DEBUG] [mixin/]: Selecting config mixins.malilib.json
[18:19:58] [main/DEBUG] [mixin/]: Selecting config neoforge.mixins.json
[18:19:58] [main/DEBUG] [mixin/]: Selecting config mixinextras.init.mixins.json
[18:19:58] [main/DEBUG] [MixinExtras|Service/]: com.llamalad7.mixinextras.service.MixinExtrasServiceImpl(version=0.5.3) is taking over from null
[18:19:58] [main/DEBUG] [mixin/]: Registering new injector for @Inject with org.spongepowered.asm.mixin.injection.struct.CallbackInjectionInfo
[18:19:58] [main/DEBUG] [mixin/]: Registering new injector for @ModifyArg with org.spongepowered.asm.mixin.injection.struct.ModifyArgInjectionInfo
[18:19:58] [main/DEBUG] [mixin/]: Registering new injector for @ModifyArgs with org.spongepowered.asm.mixin.injection.struct.ModifyArgsInjectionInfo
[18:19:58] [main/DEBUG] [mixin/]: Registering new injector for @Redirect with org.spongepowered.asm.mixin.injection.struct.RedirectInjectionInfo
[18:19:58] [main/DEBUG] [mixin/]: Registering new injector for @ModifyVariable with org.spongepowered.asm.mixin.injection.struct.ModifyVariableInjectionInfo
[18:19:58] [main/DEBUG] [mixin/]: Registering new injector for @ModifyConstant with org.spongepowered.asm.mixin.injection.struct.ModifyConstantInjectionInfo
[18:19:58] [main/DEBUG] [mixin/]: Preparing mixins.litematica.json (39)
[18:19:58] [main/DEBUG] [mixin/]: Preparing fabric-networking-api-v1.mixins.json (15)
[18:19:58] [main/DEBUG] [mixin/]: Preparing fabric-networking-api-v1.client.mixins.json (8)
[18:19:58] [main/DEBUG] [mixin/]: Preparing jade.mixins.json (6)
[18:19:58] [main/DEBUG] [mixin/]: Preparing mixins.malilib.json (29)
[18:19:58] [main/DEBUG] [mixin/]: Preparing neoforge.mixins.json (2)
[18:19:58] [main/DEBUG] [mixin/]: Preparing mixinextras.init.mixins.json (0)
[18:19:58] [main/DEBUG] [mixin/]: Prepared 45 mixins in 0.499 sec (11.1ms avg) (0ms load, 0ms transform, 0ms plugin)
[18:19:58] [main/INFO] [MixinExtras|Service/]: Initializing MixinExtras via com.llamalad7.mixinextras.service.MixinExtrasServiceImpl(version=0.5.3).
[18:19:58] [main/DEBUG] [mixin/]: Registering new injector for @SugarWrapper with com.llamalad7.mixinextras.sugar.impl.SugarWrapperInjectionInfo
[18:19:58] [main/DEBUG] [mixin/]: Registering new injector for @FactoryRedirectWrapper with com.llamalad7.mixinextras.wrapper.factory.FactoryRedirectWrapperInjectionInfo
[18:19:58] [main/DEBUG] [mixin/]: Registering new injector for @ExpressionInjectorWrapper with com.llamalad7.mixinextras.expression.impl.wrapper.ExpressionInjectorWrapperInjectionInfo
[18:19:58] [main/DEBUG] [mixin/]: Mixing test.MixinSharedConstants from mixins.malilib.json into net.minecraft.SharedConstants
[18:19:58] [main/DEBUG] [mixin/]: mixins.malilib.json:test.MixinSharedConstants from mod mafglib->@Inject::malilib_sharedConstants(Lorg/spongepowered/asm/mixin/injection/callback/CallbackInfo;)V doesn't use it's CallbackInfo
[18:19:58] [main/DEBUG] [io.ne.ut.in.lo.InternalLoggerFactory/]: Using SLF4J as the default logging framework
[18:19:58] [main/DEBUG] [io.ne.ut.ResourceLeakDetector/]: -Dio.netty.leakDetection.level: simple
[18:19:58] [main/DEBUG] [io.ne.ut.ResourceLeakDetector/]: -Dio.netty.leakDetection.targetRecords: 4
[18:19:59] [main/DEBUG] [os.ut.FileUtil/]: No oshi.properties file found from ClassLoader cpw.mods.modlauncher.TransformingClassLoader@652ce654
[18:19:59] [main/DEBUG] [os.ut.FileUtil/]: No oshi.architecture.properties file found from ClassLoader cpw.mods.modlauncher.TransformingClassLoader@652ce654
[18:20:01] [main/DEBUG] [mixin/]: Mixing MappedRegistryAccessor from neoforge.mixins.json into net.minecraft.core.MappedRegistry
[18:20:01] [main/DEBUG] [mixin/]: Mixing block.MixinBlock from mixins.litematica.json into net.minecraft.world.level.block.Block
[18:20:01] [main/DEBUG] [mixin/]: mixins.litematica.json:block.MixinBlock from mod forgematica->@Inject::litematica_preventItemDrops(Lnet/minecraft/world/level/Level;Ljava/util/function/Supplier;Lnet/minecraft/world/item/ItemStack;Lorg/spongepowered/asm/mixin/injection/callback/CallbackInfo;)V does use it's CallbackInfo
[18:20:01] [main/DEBUG] [mixin/]: Mixing block.IMixinAbstractBlock from mixins.litematica.json into net.minecraft.world.level.block.state.BlockBehaviour
[18:20:01] [main/DEBUG] [mixin/]: Mixing entity.IMixinEntity from mixins.litematica.json into net.minecraft.world.entity.Entity
[18:20:01] [main/DEBUG] [mixin/]: Mixing entity.MixinEntity from mixins.litematica.json into net.minecraft.world.entity.Entity
[18:20:01] [main/DEBUG] [mixin/]: Mixing EntityAccess from jade.mixins.json into net.minecraft.world.entity.Entity
[18:20:01] [main/DEBUG] [mixin/]: jade.mixins.json:EntityAccess from mod jade: Class version 65 required is higher than the class version supported by the current version of Mixin (JAVA_16 supports class version 60)
[18:20:01] [main/DEBUG] [mixin/]: Mixing world.IMixinWorld from mixins.litematica.json into net.minecraft.world.level.Level
[18:20:01] [main/DEBUG] [mixin/]: Mixing world.MixinWorld from mixins.litematica.json into net.minecraft.world.level.Level
[18:20:01] [main/DEBUG] [mixin/]: Mixing block.MixinRailBlocks from mixins.litematica.json into net.minecraft.world.level.block.PoweredRailBlock
[18:20:01] [main/DEBUG] [mixin/]: mixins.litematica.json:block.MixinRailBlocks from mod forgematica->@Inject::litematica_fixRailRotation(Lnet/minecraft/world/level/block/state/BlockState;Lnet/minecraft/world/level/block/Rotation;Lorg/spongepowered/asm/mixin/injection/callback/CallbackInfoReturnable;)V does use it's CallbackInfoReturnable
[18:20:01] [main/DEBUG] [mixin/]: Mixing block.MixinRailBlocks from mixins.litematica.json into net.minecraft.world.level.block.DetectorRailBlock
[18:20:01] [main/DEBUG] [mixin/]: mixins.litematica.json:block.MixinRailBlocks from mod forgematica->@Inject::litematica_fixRailRotation(Lnet/minecraft/world/level/block/state/BlockState;Lnet/minecraft/world/level/block/Rotation;Lorg/spongepowered/asm/mixin/injection/callback/CallbackInfoReturnable;)V does use it's CallbackInfoReturnable
[18:20:01] [main/DEBUG] [mixin/]: Mixing block.MixinChestBlock from mixins.litematica.json into net.minecraft.world.level.block.ChestBlock
[18:20:01] [main/DEBUG] [mixin/]: mixins.litematica.json:block.MixinChestBlock from mod forgematica->@Inject::litematica_fixChestMirror(Lnet/minecraft/world/level/block/state/BlockState;Lnet/minecraft/world/level/block/Mirror;Lorg/spongepowered/asm/mixin/injection/callback/CallbackInfoReturnable;)V does use it's CallbackInfoReturnable
[18:20:01] [main/DEBUG] [mixin/]: Mixing block.IMixinRedstoneWireBlock from mixins.litematica.json into net.minecraft.world.level.block.RedStoneWireBlock
[18:20:01] [main/DEBUG] [mixin/]: Mixing block.MixinRailBlocks from mixins.litematica.json into net.minecraft.world.level.block.RailBlock
[18:20:01] [main/DEBUG] [mixin/]: mixins.litematica.json:block.MixinRailBlocks from mod forgematica->@Inject::litematica_fixRailRotation(Lnet/minecraft/world/level/block/state/BlockState;Lnet/minecraft/world/level/block/Rotation;Lorg/spongepowered/asm/mixin/injection/callback/CallbackInfoReturnable;)V does use it's CallbackInfoReturnable
[18:20:01] [main/DEBUG] [mixin/]: Mixing block.IMixinWallMountedBlock from mixins.litematica.json into net.minecraft.world.level.block.FaceAttachedHorizontalDirectionalBlock
[18:20:01] [main/DEBUG] [mixin/]: Mixing block.IMixinVineBlock from mixins.litematica.json into net.minecraft.world.level.block.VineBlock
[18:20:01] [main/DEBUG] [mixin/]: Mixing block.IMixinFenceGateBlock from mixins.litematica.json into net.minecraft.world.level.block.FenceGateBlock
[18:20:02] [main/DEBUG] [mixin/]: Mixing block.IMixinStairsBlock from mixins.litematica.json into net.minecraft.world.level.block.StairBlock
[18:20:02] [main/DEBUG] [mixin/]: Renaming @Invoker method litematica_invokeGetStairShape(Lnet/minecraft/world/level/block/state/BlockState;Lnet/minecraft/world/level/BlockGetter;Lnet/minecraft/core/BlockPos;)Lnet/minecraft/world/level/block/state/properties/StairsShape; to litematica_invokeGetStairShape$forgematica_$md$c589fe$0 in mixins.litematica.json:block.IMixinStairsBlock from mod forgematica
[18:20:02] [main/DEBUG] [mixin/]: Mixing block.MixinStairsBlock from mixins.litematica.json into net.minecraft.world.level.block.StairBlock
[18:20:02] [main/DEBUG] [mixin/]: mixins.litematica.json:block.MixinStairsBlock from mod forgematica->@Inject::litematica_fixStairsMirror(Lnet/minecraft/world/level/block/state/BlockState;Lnet/minecraft/world/level/block/Mirror;Lorg/spongepowered/asm/mixin/injection/callback/CallbackInfoReturnable;)V does use it's CallbackInfoReturnable
[18:20:02] [main/DEBUG] [mixin/]: Mixing BlockEntityTypeAccessor from neoforge.mixins.json into net.minecraft.world.level.block.entity.BlockEntityType
[18:20:03] [main/DEBUG] [mixin/]: Mixing AbstractFurnaceBlockEntityAccess from jade.mixins.json into net.minecraft.world.level.block.entity.AbstractFurnaceBlockEntity
[18:20:03] [main/DEBUG] [mixin/]: jade.mixins.json:AbstractFurnaceBlockEntityAccess from mod jade: Class version 65 required is higher than the class version supported by the current version of Mixin (JAVA_16 supports class version 60)
[18:20:03] [main/DEBUG] [mixin/]: Mixing entity.IMixinSignBlockEntity from mixins.litematica.json into net.minecraft.world.level.block.entity.SignBlockEntity
[18:20:04] [main/DEBUG] [mixin/]: Mixing easyplace.MixinBlockItem_easyPlace from mixins.litematica.json into net.minecraft.world.item.BlockItem
[18:20:04] [main/DEBUG] [mixin/]: mixins.litematica.json:easyplace.MixinBlockItem_easyPlace from mod forgematica->@Inject::litematica_modifyPlacementState(Lnet/minecraft/world/item/context/BlockPlaceContext;Lorg/spongepowered/asm/mixin/injection/callback/CallbackInfoReturnable;)V does use it's CallbackInfoReturnable
[18:20:05] [main/DEBUG] [io.ne.ut.in.PlatformDependent0/]: -Dio.netty.noUnsafe: false
[18:20:05] [main/DEBUG] [io.ne.ut.in.PlatformDependent0/]: Java version: 21
[18:20:05] [main/DEBUG] [io.ne.ut.in.PlatformDependent0/]: sun.misc.Unsafe.theUnsafe: available
[18:20:05] [main/DEBUG] [io.ne.ut.in.PlatformDependent0/]: sun.misc.Unsafe.copyMemory: available
[18:20:05] [main/DEBUG] [io.ne.ut.in.PlatformDependent0/]: sun.misc.Unsafe.storeFence: available
[18:20:05] [main/DEBUG] [io.ne.ut.in.PlatformDependent0/]: java.nio.Buffer.address: available
[18:20:05] [main/DEBUG] [io.ne.ut.in.PlatformDependent0/]: direct buffer constructor: unavailable: Reflective setAccessible(true) disabled
[18:20:05] [main/DEBUG] [io.ne.ut.in.PlatformDependent0/]: java.nio.Bits.unaligned: available, true
[18:20:05] [main/DEBUG] [io.ne.ut.in.PlatformDependent0/]: jdk.internal.misc.Unsafe.allocateUninitializedArray(int): unavailable: class io.netty.util.internal.PlatformDependent0$7 (in module io.netty.common) cannot access class jdk.internal.misc.Unsafe (in module java.base) because module java.base does not export jdk.internal.misc to module io.netty.common
[18:20:05] [main/DEBUG] [io.ne.ut.in.PlatformDependent0/]: java.nio.DirectByteBuffer.<init>(long, {int,long}): unavailable
[18:20:05] [main/DEBUG] [io.ne.ut.in.PlatformDependent/]: sun.misc.Unsafe: available
[18:20:05] [main/DEBUG] [io.ne.ut.in.PlatformDependent/]: maxDirectMemory: 8518631424 bytes (maybe)
[18:20:05] [main/DEBUG] [io.ne.ut.in.PlatformDependent/]: -Dio.netty.tmpdir: C:\Users\etsuraku\AppData\Local\Temp (java.io.tmpdir)
[18:20:05] [main/DEBUG] [io.ne.ut.in.PlatformDependent/]: -Dio.netty.bitMode: 64 (sun.arch.data.model)
[18:20:05] [main/DEBUG] [io.ne.ut.in.PlatformDependent/]: Platform: Windows
[18:20:05] [main/DEBUG] [io.ne.ut.in.PlatformDependent/]: -Dio.netty.maxDirectMemory: -1 bytes
[18:20:05] [main/DEBUG] [io.ne.ut.in.PlatformDependent/]: -Dio.netty.uninitializedArrayAllocationThreshold: -1
[18:20:05] [main/DEBUG] [io.ne.ut.in.CleanerJava9/]: java.nio.ByteBuffer.cleaner(): available
[18:20:05] [main/DEBUG] [io.ne.ut.in.PlatformDependent/]: -Dio.netty.noPreferDirect: false
[18:20:05] [main/DEBUG] [mixin/]: Mixing world.MixinWorldChunk from mixins.litematica.json into net.minecraft.world.level.chunk.LevelChunk
[18:20:05] [main/DEBUG] [mixin/]: Mixing item.IMixinContainerComponent from mixins.malilib.json into net.minecraft.world.item.component.ItemContainerContents
[18:20:06] [main/DEBUG] [mixin/]: Mixing block.MixinBlockStateFlattening from mixins.litematica.json into net.minecraft.util.datafix.fixes.BlockStateData
[18:20:06] [main/DEBUG] [mixin/]: mixins.litematica.json:block.MixinBlockStateFlattening from mod forgematica->@Inject::litematica_onAddEntry(ILjava/lang/String;[Ljava/lang/String;Lorg/spongepowered/asm/mixin/injection/callback/CallbackInfo;)V doesn't use it's CallbackInfo
[18:20:09] [main/DEBUG] [mixin/]: Mixing server.MixinMinecraftServer from mixins.litematica.json into net.minecraft.server.MinecraftServer
[18:20:09] [main/DEBUG] [mixin/]: mixins.litematica.json:server.MixinMinecraftServer from mod forgematica->@Inject::litematica_onServerTickOmegaHackFixBecauseLunarBreaksMinecraftEvenThoughABooleanSupplierIsAlwaysSupposedToBeThereEvenAccordingToMojangMappingsButIsNotWhenYouAreRunningLunarAndTheyCannotExplainWhyThisWouldBreakButItDoesEvenThoughNothingHasChangedInMinecraftUnlessYouArePlayingWithLunar(JLorg/spongepowered/asm/mixin/injection/callback/CallbackInfo;)V doesn't use it's CallbackInfo
[18:20:09] [main/DEBUG] [mixin/]: mixins.litematica.json:server.MixinMinecraftServer from mod forgematica->@Inject::litematica_onServerTickOmegaHackFixBecauseLunarBreaksMinecraftEvenThoughABooleanSupplierIsAlwaysSupposedToBeThereEvenAccordingToMojangMappingsButIsNotWhenYouAreRunningLunarAndTheyCannotExplainWhyThisWouldBreakButItDoesEvenThoughNothingHasChangedInMinecraftUnlessYouArePlayingWithLunar(JLorg/spongepowered/asm/mixin/injection/callback/CallbackInfo;)V has 0 override(s) in child classes
[18:20:09] [main/DEBUG] [mixin/]: mixins.litematica.json:server.MixinMinecraftServer from mod forgematica->@Inject::litematica_onServerTickOmegaHackFixBecauseLunarBreaksMinecraftEvenThoughABooleanSupplierIsAlwaysSupposedToBeThereEvenAccordingToMojangMappingsButIsNotWhenYouAreRunningLunarAndTheyCannotExplainWhyThisWouldBreakButItDoesEvenThoughNothingHasChangedInMinecraftUnlessYouArePlayingWithLunar(JLorg/spongepowered/asm/mixin/injection/callback/CallbackInfo;)V won't be passed a CallbackInfo as a result
[18:20:09] [main/DEBUG] [ne.ne.fm.ModWorkManager/LOADING]: Using 16 threads for parallel mod-loading
[18:20:09] [main/DEBUG] [ne.ne.fm.ja.FMLModContainer/LOADING]: Creating FMLModContainer instance for []
[18:20:09] [main/DEBUG] [ne.ne.fm.ja.FMLModContainer/LOADING]: Creating FMLModContainer instance for []
[18:20:09] [main/DEBUG] [ne.ne.fm.ja.FMLModContainer/LOADING]: Creating FMLModContainer instance for [org.sinytra.fabric.networking_api.NetworkingEventHooks, org.sinytra.fabric.networking_api.generated.GeneratedEntryPoint]
[18:20:09] [main/DEBUG] [ne.ne.fm.ja.FMLModContainer/LOADING]: Creating FMLModContainer instance for [org.sinytra.fabric.api_base.generated.GeneratedEntryPoint]
[18:20:09] [main/DEBUG] [ne.ne.fm.ja.FMLModContainer/LOADING]: Creating FMLModContainer instance for [snownee.jade.util.CommonProxy]
[18:20:09] [main/DEBUG] [ne.ne.fm.ja.FMLModContainer/LOADING]: Creating FMLModContainer instance for []
[18:20:09] [main/DEBUG] [ne.ne.fm.ja.FMLModContainer/LOADING]: Creating FMLModContainer instance for []
[18:20:09] [main/DEBUG] [ne.ne.fm.ja.FMLModContainer/LOADING]: Creating FMLModContainer instance for [net.neoforged.neoforge.common.NeoForgeMod]
[18:20:09] [main/DEBUG] [ne.ne.fm.ja.FMLModContainer/LOADING]: Creating FMLModContainer instance for [mezz.jei.neoforge.JustEnoughItems]
[18:20:09] [main/DEBUG] [ne.ne.fm.ja.FMLModContainer/LOADING]: Creating FMLModContainer instance for [com.bitsson.gensokyou.Gensokyou]
[18:20:09] [modloading-worker-0/DEBUG] [ne.ne.fm.ja.AutomaticEventSubscriber/LOADING]: Attempting to inject @EventBusSubscriber classes into the eventbus for forgematica
[18:20:09] [modloading-worker-0/DEBUG] [ne.ne.fm.ja.AutomaticEventSubscriber/LOADING]: Attempting to inject @EventBusSubscriber classes into the eventbus for litematica
[18:20:09] [modloading-worker-0/DEBUG] [ne.ne.fm.ja.AutomaticEventSubscriber/LOADING]: Attempting to inject @EventBusSubscriber classes into the eventbus for fabric_api_base
[18:20:09] [modloading-worker-0/DEBUG] [ne.ne.fm.ja.AutomaticEventSubscriber/LOADING]: Attempting to inject @EventBusSubscriber classes into the eventbus for mafglib
[18:20:09] [modloading-worker-0/DEBUG] [ne.ne.fm.ja.AutomaticEventSubscriber/LOADING]: Attempting to inject @EventBusSubscriber classes into the eventbus for malilib
[18:20:09] [modloading-worker-0/DEBUG] [ne.ne.fm.ja.AutomaticEventSubscriber/LOADING]: Attempting to inject @EventBusSubscriber classes into the eventbus for fabric_networking_api_v1
[18:20:09] [modloading-worker-0/DEBUG] [ne.ne.fm.ja.AutomaticEventSubscriber/LOADING]: Attempting to inject @EventBusSubscriber classes into the eventbus for jade
[18:20:09] [modloading-worker-0/DEBUG] [ne.ne.ne.in.ve.ne.NeoForgeVersion/CORE]: Found NeoForge version 21.1.248
[18:20:09] [modloading-worker-0/DEBUG] [ne.ne.ne.in.ve.ne.NeoForgeVersion/CORE]: Found FML version 4.0.43
[18:20:09] [modloading-worker-0/INFO] [ne.ne.ne.co.NeoForgeMod/NEOFORGE-MOD]: NeoForge mod loading, version 21.1.248, for MC 1.21.1
[18:20:09] [modloading-worker-0/DEBUG] [ne.ne.fm.co.ConfigTracker/CONFIG]: Config file jei-server.toml for jei tracking
[18:20:09] [modloading-worker-0/DEBUG] [ne.ne.fm.ja.AutomaticEventSubscriber/LOADING]: Attempting to inject @EventBusSubscriber classes into the eventbus for jei
[18:20:09] [modloading-worker-0/DEBUG] [ne.ne.fm.co.ConfigTracker/CONFIG]: Config file neoforge-client.toml for neoforge tracking
[18:20:09] [modloading-worker-0/DEBUG] [ne.ne.fm.co.ConfigTracker/CONFIG]: Config file neoforge-server.toml for neoforge tracking
[18:20:09] [modloading-worker-0/DEBUG] [ne.ne.fm.co.ConfigTracker/CONFIG]: Config file neoforge-common.toml for neoforge tracking
[18:20:10] [modloading-worker-0/DEBUG] [ne.ne.fm.ja.AutomaticEventSubscriber/LOADING]: Attempting to inject @EventBusSubscriber classes into the eventbus for neoforge
[18:20:10] [modloading-worker-0/DEBUG] [ne.ne.fm.ja.AutomaticEventSubscriber/LOADING]: Scanning class net.neoforged.neoforge.network.filters.GenericPacketSplitter for @SubscribeEvent-annotated methods
[18:20:10] [modloading-worker-0/DEBUG] [mixin/]: Mixing GenericPacketSplitterMixin from fabric-networking-api-v1.mixins.json into net.neoforged.neoforge.network.filters.GenericPacketSplitter
[18:20:10] [modloading-worker-0/DEBUG] [mixin/]: fabric-networking-api-v1.mixins.json:GenericPacketSplitterMixin from mod fabric_networking_api_v1: Class version 65 required is higher than the class version supported by the current version of Mixin (JAVA_17 supports class version 61)
[18:20:10] [modloading-worker-0/DEBUG] [mixin/]: fabric-networking-api-v1.mixins.json:GenericPacketSplitterMixin from mod fabric_networking_api_v1->@Inject::encode(Lio/netty/channel/ChannelHandlerContext;Lnet/minecraft/network/protocol/Packet;Ljava/util/List;Lorg/spongepowered/asm/mixin/injection/callback/CallbackInfo;)V does use it's CallbackInfo
[18:20:10] [modloading-worker-0/DEBUG] [ne.ne.fm.co.ConfigTracker/CONFIG]: Config file gensokyou-common.toml for gensokyou tracking
[18:20:10] [modloading-worker-0/DEBUG] [ne.ne.fm.ja.AutomaticEventSubscriber/LOADING]: Attempting to inject @EventBusSubscriber classes into the eventbus for gensokyou
[18:20:10] [modloading-worker-0/DEBUG] [ne.ne.fm.ja.AutomaticEventSubscriber/LOADING]: Scanning class com.bitsson.gensokyou.command.DanmakuTestCommands for @SubscribeEvent-annotated methods
[18:20:10] [modloading-worker-0/DEBUG] [ne.ne.fm.ja.AutomaticEventSubscriber/]: Subscribing @EventBusSubscriber class Lcom/bitsson/gensokyou/command/DanmakuTestCommands; to the game event bus
[18:20:10] [modloading-worker-0/DEBUG] [ne.ne.fm.ja.AutomaticEventSubscriber/LOADING]: Scanning class com.bitsson.gensokyou.dialogue.DialogueManager for @SubscribeEvent-annotated methods
[18:20:10] [modloading-worker-0/DEBUG] [ne.ne.fm.ja.AutomaticEventSubscriber/]: Subscribing @EventBusSubscriber class Lcom/bitsson/gensokyou/dialogue/DialogueManager; to the game event bus
[18:20:10] [modloading-worker-0/DEBUG] [ne.ne.fm.ja.AutomaticEventSubscriber/LOADING]: Scanning class com.bitsson.gensokyou.event.DamageEventHandler for @SubscribeEvent-annotated methods
[18:20:10] [modloading-worker-0/DEBUG] [ne.ne.fm.ja.AutomaticEventSubscriber/]: Subscribing @EventBusSubscriber class Lcom/bitsson/gensokyou/event/DamageEventHandler; to the game event bus
[18:20:10] [modloading-worker-0/DEBUG] [ne.ne.fm.ja.AutomaticEventSubscriber/LOADING]: Scanning class com.bitsson.gensokyou.event.ModBusEvents for @SubscribeEvent-annotated methods
[18:20:10] [modloading-worker-0/DEBUG] [ne.ne.fm.ja.AutomaticEventSubscriber/]: Subscribing @EventBusSubscriber class Lcom/bitsson/gensokyou/event/ModBusEvents; to the mod event bus of mod gensokyou
[18:20:10] [modloading-worker-0/DEBUG] [ne.ne.fm.ja.AutomaticEventSubscriber/LOADING]: Scanning class com.bitsson.gensokyou.event.ReloadListenerHandler for @SubscribeEvent-annotated methods
[18:20:10] [modloading-worker-0/DEBUG] [ne.ne.fm.ja.AutomaticEventSubscriber/]: Subscribing @EventBusSubscriber class Lcom/bitsson/gensokyou/event/ReloadListenerHandler; to the game event bus
[18:20:10] [modloading-worker-0/DEBUG] [ne.ne.fm.ja.AutomaticEventSubscriber/LOADING]: Scanning class com.bitsson.gensokyou.event.SpawnSafetyHandler for @SubscribeEvent-annotated methods
[18:20:10] [modloading-worker-0/DEBUG] [ne.ne.fm.ja.AutomaticEventSubscriber/]: Subscribing @EventBusSubscriber class Lcom/bitsson/gensokyou/event/SpawnSafetyHandler; to the game event bus
[18:20:10] [modloading-worker-0/DEBUG] [ne.ne.fm.ja.AutomaticEventSubscriber/LOADING]: Scanning class com.bitsson.gensokyou.item.RitualWandHandler for @SubscribeEvent-annotated methods
[18:20:10] [modloading-worker-0/DEBUG] [ne.ne.fm.ja.AutomaticEventSubscriber/]: Subscribing @EventBusSubscriber class Lcom/bitsson/gensokyou/item/RitualWandHandler; to the game event bus
[18:20:10] [modloading-worker-0/DEBUG] [ne.ne.fm.ja.AutomaticEventSubscriber/LOADING]: Scanning class com.bitsson.gensokyou.network.ModNetworking for @SubscribeEvent-annotated methods
[18:20:10] [modloading-worker-0/DEBUG] [io.ne.bu.AbstractByteBuf/]: -Dio.netty.buffer.checkAccessible: true
[18:20:10] [modloading-worker-0/DEBUG] [io.ne.bu.AbstractByteBuf/]: -Dio.netty.buffer.checkBounds: true
[18:20:10] [modloading-worker-0/DEBUG] [ne.ne.fm.ja.AutomaticEventSubscriber/]: Subscribing @EventBusSubscriber class Lcom/bitsson/gensokyou/network/ModNetworking; to the mod event bus of mod gensokyou
[18:20:10] [modloading-worker-0/DEBUG] [ne.ne.fm.ja.AutomaticEventSubscriber/LOADING]: Scanning class com.bitsson.gensokyou.registry.ModCapabilities for @SubscribeEvent-annotated methods
[18:20:10] [modloading-worker-0/DEBUG] [ne.ne.fm.ja.AutomaticEventSubscriber/]: Subscribing @EventBusSubscriber class Lcom/bitsson/gensokyou/registry/ModCapabilities; to the mod event bus of mod gensokyou
[18:20:10] [modloading-worker-0/DEBUG] [io.ne.ut.ResourceLeakDetectorFactory/]: Loaded default ResourceLeakDetector: io.netty.util.ResourceLeakDetector@602b5752
[18:20:10] [modloading-worker-0/DEBUG] [ne.ne.fm.ja.AutomaticEventSubscriber/LOADING]: Scanning class com.bitsson.gensokyou.ritual.command.DebugCommands for @SubscribeEvent-annotated methods
[18:20:10] [modloading-worker-0/DEBUG] [ne.ne.fm.ja.AutomaticEventSubscriber/]: Subscribing @EventBusSubscriber class Lcom/bitsson/gensokyou/ritual/command/DebugCommands; to the game event bus
[18:20:10] [modloading-worker-0/DEBUG] [ne.ne.fm.ja.AutomaticEventSubscriber/LOADING]: Scanning class com.bitsson.gensokyou.ritual.command.LearnCommand for @SubscribeEvent-annotated methods
[18:20:10] [modloading-worker-0/DEBUG] [ne.ne.fm.ja.AutomaticEventSubscriber/]: Subscribing @EventBusSubscriber class Lcom/bitsson/gensokyou/ritual/command/LearnCommand; to the game event bus
[18:20:10] [modloading-worker-0/DEBUG] [ne.ne.fm.ja.AutomaticEventSubscriber/LOADING]: Scanning class com.bitsson.gensokyou.ritual.command.RitualCommands for @SubscribeEvent-annotated methods
[18:20:10] [modloading-worker-0/DEBUG] [ne.ne.fm.ja.AutomaticEventSubscriber/]: Subscribing @EventBusSubscriber class Lcom/bitsson/gensokyou/ritual/command/RitualCommands; to the game event bus
[18:20:10] [modloading-worker-0/DEBUG] [ne.ne.fm.ja.AutomaticEventSubscriber/LOADING]: Scanning class com.bitsson.gensokyou.spirit.ModAttachments for @SubscribeEvent-annotated methods
[18:20:10] [modloading-worker-0/DEBUG] [ne.ne.fm.ja.AutomaticEventSubscriber/]: Subscribing @EventBusSubscriber class Lcom/bitsson/gensokyou/spirit/ModAttachments; to the game event bus
[18:20:10] [modloading-worker-0/DEBUG] [io.ne.ut.in.InternalThreadLocalMap/]: -Dio.netty.threadLocalMap.stringBuilder.initialSize: 1024
[18:20:10] [modloading-worker-0/DEBUG] [io.ne.ut.in.InternalThreadLocalMap/]: -Dio.netty.threadLocalMap.stringBuilder.maxSize: 4096
[18:20:10] [modloading-worker-0/DEBUG] [io.ne.bu.PooledByteBufAllocator/]: -Dio.netty.allocator.numHeapArenas: 32
[18:20:10] [modloading-worker-0/DEBUG] [io.ne.bu.PooledByteBufAllocator/]: -Dio.netty.allocator.numDirectArenas: 32
[18:20:10] [modloading-worker-0/DEBUG] [io.ne.bu.PooledByteBufAllocator/]: -Dio.netty.allocator.pageSize: 8192
[18:20:10] [modloading-worker-0/DEBUG] [io.ne.bu.PooledByteBufAllocator/]: -Dio.netty.allocator.maxOrder: 9
[18:20:10] [modloading-worker-0/DEBUG] [io.ne.bu.PooledByteBufAllocator/]: -Dio.netty.allocator.chunkSize: 4194304
[18:20:10] [modloading-worker-0/DEBUG] [io.ne.bu.PooledByteBufAllocator/]: -Dio.netty.allocator.smallCacheSize: 256
[18:20:10] [modloading-worker-0/DEBUG] [io.ne.bu.PooledByteBufAllocator/]: -Dio.netty.allocator.normalCacheSize: 64
[18:20:10] [modloading-worker-0/DEBUG] [io.ne.bu.PooledByteBufAllocator/]: -Dio.netty.allocator.maxCachedBufferCapacity: 32768
[18:20:10] [modloading-worker-0/DEBUG] [io.ne.bu.PooledByteBufAllocator/]: -Dio.netty.allocator.cacheTrimInterval: 8192
[18:20:10] [modloading-worker-0/DEBUG] [io.ne.bu.PooledByteBufAllocator/]: -Dio.netty.allocator.cacheTrimIntervalMillis: 0
[18:20:10] [modloading-worker-0/DEBUG] [io.ne.bu.PooledByteBufAllocator/]: -Dio.netty.allocator.useCacheForAllThreads: false
[18:20:10] [modloading-worker-0/DEBUG] [io.ne.bu.PooledByteBufAllocator/]: -Dio.netty.allocator.maxCachedByteBuffersPerChunk: 1023
[18:20:10] [modloading-worker-0/DEBUG] [io.ne.bu.ByteBufUtil/]: -Dio.netty.allocator.type: pooled
[18:20:10] [modloading-worker-0/DEBUG] [io.ne.bu.ByteBufUtil/]: -Dio.netty.threadLocalDirectBufferSize: 0
[18:20:10] [modloading-worker-0/DEBUG] [io.ne.bu.ByteBufUtil/]: -Dio.netty.maxThreadLocalCharBufferSize: 16384
[18:20:10] [modloading-worker-0/DEBUG] [mixin/]: Mixing ClientConnectionMixin from fabric-networking-api-v1.mixins.json into net.minecraft.network.Connection
[18:20:10] [modloading-worker-0/DEBUG] [mixin/]: fabric-networking-api-v1.mixins.json:ClientConnectionMixin from mod fabric_networking_api_v1: Class version 65 required is higher than the class version supported by the current version of Mixin (JAVA_17 supports class version 61)
[18:20:10] [modloading-worker-0/DEBUG] [mixin/]: fabric-networking-api-v1.mixins.json:ClientConnectionMixin from mod fabric_networking_api_v1->@Inject::checkPacket(Lnet/minecraft/network/protocol/Packet;Lnet/minecraft/network/PacketSendListener;ZLorg/spongepowered/asm/mixin/injection/callback/CallbackInfo;)V doesn't use it's CallbackInfo
[18:20:10] [modloading-worker-0/DEBUG] [mixin/]: fabric-networking-api-v1.mixins.json:ClientConnectionMixin from mod fabric_networking_api_v1->@Inject::checkPacket(Lnet/minecraft/network/protocol/Packet;Lnet/minecraft/network/PacketSendListener;ZLorg/spongepowered/asm/mixin/injection/callback/CallbackInfo;)V has 0 override(s) in child classes
[18:20:10] [modloading-worker-0/DEBUG] [mixin/]: fabric-networking-api-v1.mixins.json:ClientConnectionMixin from mod fabric_networking_api_v1->@Inject::checkPacket(Lnet/minecraft/network/protocol/Packet;Lnet/minecraft/network/PacketSendListener;ZLorg/spongepowered/asm/mixin/injection/callback/CallbackInfo;)V won't be passed a CallbackInfo as a result
[18:20:10] [modloading-worker-0/DEBUG] [mixin/]: fabric-networking-api-v1.mixins.json:ClientConnectionMixin from mod fabric_networking_api_v1->@Inject::checkPacket(Lnet/minecraft/network/protocol/Packet;Lnet/minecraft/network/PacketSendListener;ZLorg/spongepowered/asm/mixin/injection/callback/CallbackInfo;)V doesn't use it's CallbackInfo
[18:20:10] [modloading-worker-0/DEBUG] [mixin/]: fabric-networking-api-v1.mixins.json:ClientConnectionMixin from mod fabric_networking_api_v1->@Inject::checkPacket(Lnet/minecraft/network/protocol/Packet;Lnet/minecraft/network/PacketSendListener;ZLorg/spongepowered/asm/mixin/injection/callback/CallbackInfo;)V has 0 override(s) in child classes
[18:20:10] [modloading-worker-0/DEBUG] [mixin/]: fabric-networking-api-v1.mixins.json:ClientConnectionMixin from mod fabric_networking_api_v1->@Inject::checkPacket(Lnet/minecraft/network/protocol/Packet;Lnet/minecraft/network/PacketSendListener;ZLorg/spongepowered/asm/mixin/injection/callback/CallbackInfo;)V won't be passed a CallbackInfo as a result
[18:20:10] [modloading-worker-0/DEBUG] [mixin/]: fabric-networking-api-v1.mixins.json:ClientConnectionMixin from mod fabric_networking_api_v1->@Inject::unwatchAddon(Lnet/minecraft/network/ProtocolInfo;Lnet/minecraft/network/PacketListener;Lorg/spongepowered/asm/mixin/injection/callback/CallbackInfo;)V doesn't use it's CallbackInfo
[18:20:10] [modloading-worker-0/DEBUG] [mixin/]: fabric-networking-api-v1.mixins.json:ClientConnectionMixin from mod fabric_networking_api_v1->@Inject::unwatchAddon(Lnet/minecraft/network/ProtocolInfo;Lnet/minecraft/network/PacketListener;Lorg/spongepowered/asm/mixin/injection/callback/CallbackInfo;)V has 0 override(s) in child classes
[18:20:10] [modloading-worker-0/DEBUG] [mixin/]: fabric-networking-api-v1.mixins.json:ClientConnectionMixin from mod fabric_networking_api_v1->@Inject::unwatchAddon(Lnet/minecraft/network/ProtocolInfo;Lnet/minecraft/network/PacketListener;Lorg/spongepowered/asm/mixin/injection/callback/CallbackInfo;)V won't be passed a CallbackInfo as a result
[18:20:10] [modloading-worker-0/DEBUG] [mixin/]: fabric-networking-api-v1.mixins.json:ClientConnectionMixin from mod fabric_networking_api_v1->@Inject::disconnectAddon(Lio/netty/channel/ChannelHandlerContext;Lorg/spongepowered/asm/mixin/injection/callback/CallbackInfo;)V doesn't use it's CallbackInfo
[18:20:10] [modloading-worker-0/DEBUG] [mixin/]: fabric-networking-api-v1.mixins.json:ClientConnectionMixin from mod fabric_networking_api_v1->@Inject::disconnectAddon(Lio/netty/channel/ChannelHandlerContext;Lorg/spongepowered/asm/mixin/injection/callback/CallbackInfo;)V has 0 override(s) in child classes
[18:20:10] [modloading-worker-0/DEBUG] [mixin/]: fabric-networking-api-v1.mixins.json:ClientConnectionMixin from mod fabric_networking_api_v1->@Inject::disconnectAddon(Lio/netty/channel/ChannelHandlerContext;Lorg/spongepowered/asm/mixin/injection/callback/CallbackInfo;)V won't be passed a CallbackInfo as a result
[18:20:10] [modloading-worker-0/DEBUG] [mixin/]: fabric-networking-api-v1.mixins.json:ClientConnectionMixin from mod fabric_networking_api_v1->@Inject::disconnectAddon(Lorg/spongepowered/asm/mixin/injection/callback/CallbackInfo;)V doesn't use it's CallbackInfo
[18:20:10] [modloading-worker-0/DEBUG] [mixin/]: fabric-networking-api-v1.mixins.json:ClientConnectionMixin from mod fabric_networking_api_v1->@Inject::disconnectAddon(Lorg/spongepowered/asm/mixin/injection/callback/CallbackInfo;)V has 0 override(s) in child classes
[18:20:10] [modloading-worker-0/DEBUG] [mixin/]: fabric-networking-api-v1.mixins.json:ClientConnectionMixin from mod fabric_networking_api_v1->@Inject::disconnectAddon(Lorg/spongepowered/asm/mixin/injection/callback/CallbackInfo;)V won't be passed a CallbackInfo as a result
[18:20:10] [modloading-worker-0/DEBUG] [ne.ne.fm.ja.AutomaticEventSubscriber/]: Subscribing @EventBusSubscriber class Lnet/neoforged/neoforge/network/filters/GenericPacketSplitter; to the mod event bus of mod neoforge
[18:20:10] [modloading-worker-0/DEBUG] [ne.ne.fm.ja.AutomaticEventSubscriber/LOADING]: Scanning class net.neoforged.neoforge.network.NetworkInitialization for @SubscribeEvent-annotated methods
[18:20:10] [modloading-worker-0/DEBUG] [ne.ne.fm.ja.AutomaticEventSubscriber/]: Subscribing @EventBusSubscriber class Lnet/neoforged/neoforge/network/NetworkInitialization; to the mod event bus of mod neoforge
[18:20:10] [modloading-worker-0/DEBUG] [ne.ne.fm.ja.AutomaticEventSubscriber/LOADING]: Scanning class net.neoforged.neoforge.network.ConfigurationInitialization for @SubscribeEvent-annotated methods
[18:20:10] [modloading-worker-0/DEBUG] [ne.ne.fm.ja.AutomaticEventSubscriber/]: Subscribing @EventBusSubscriber class Lnet/neoforged/neoforge/network/ConfigurationInitialization; to the mod event bus of mod neoforge
[18:20:10] [modloading-worker-0/DEBUG] [ne.ne.fm.ja.AutomaticEventSubscriber/LOADING]: Scanning class net.neoforged.neoforge.common.MonsterRoomHooks for @SubscribeEvent-annotated methods
[18:20:10] [modloading-worker-0/DEBUG] [ne.ne.fm.ja.AutomaticEventSubscriber/]: Subscribing @EventBusSubscriber class Lnet/neoforged/neoforge/common/MonsterRoomHooks; to the game event bus
[18:20:10] [modloading-worker-0/DEBUG] [ne.ne.fm.ja.AutomaticEventSubscriber/LOADING]: Scanning class net.neoforged.neoforge.common.DeferredSpawnEggItem$CommonHandler for @SubscribeEvent-annotated methods
[18:20:10] [modloading-worker-0/DEBUG] [ne.ne.fm.ja.AutomaticEventSubscriber/]: Subscribing @EventBusSubscriber class Lnet/neoforged/neoforge/common/DeferredSpawnEggItem$CommonHandler; to the mod event bus of mod neoforge
[18:20:10] [modloading-worker-0/DEBUG] [ne.ne.fm.ja.AutomaticEventSubscriber/LOADING]: Scanning class net.neoforged.neoforge.attachment.AttachmentSync for @SubscribeEvent-annotated methods
[18:20:10] [modloading-worker-0/DEBUG] [ne.ne.fm.ja.AutomaticEventSubscriber/]: Subscribing @EventBusSubscriber class Lnet/neoforged/neoforge/attachment/AttachmentSync; to the game event bus
[18:20:10] [modloading-worker-0/DEBUG] [ne.ne.fm.ja.AutomaticEventSubscriber/LOADING]: Scanning class net.neoforged.neoforge.attachment.AttachmentInternals for @SubscribeEvent-annotated methods
[18:20:10] [modloading-worker-0/DEBUG] [ne.ne.fm.ja.AutomaticEventSubscriber/]: Subscribing @EventBusSubscriber class Lnet/neoforged/neoforge/attachment/AttachmentInternals; to the game event bus
[18:20:10] [modloading-sync-worker/DEBUG] [mixin/]: Mixing CanItemPerformAbilityAccess from jade.mixins.json into net.neoforged.neoforge.common.loot.CanItemPerformAbility
[18:20:10] [modloading-sync-worker/DEBUG] [mixin/]: jade.mixins.json:CanItemPerformAbilityAccess from mod jade: Class version 65 required is higher than the class version supported by the current version of Mixin (JAVA_16 supports class version 60)
[18:20:10] [modloading-sync-worker/DEBUG] [ne.ne.fm.co.ConfigTracker/CONFIG]: Loading configs type COMMON
[18:20:10] [modloading-sync-worker/DEBUG] [ne.ne.ne.co.NeoForgeConfig/FORGEMOD]: Loaded NeoForge config file neoforge-common.toml
[18:20:10] [modloading-sync-worker/DEBUG] [ne.ne.fm.co.ConfigTracker/CONFIG]: Loaded TOML config file D:\code\Gensokyou\run\config\neoforge-common.toml
[18:20:10] [modloading-sync-worker/DEBUG] [ne.ne.fm.co.ConfigTracker/CONFIG]: Watching TOML config file D:\code\Gensokyou\run\config\neoforge-common.toml for changes
[18:20:10] [modloading-sync-worker/DEBUG] [ne.ne.fm.co.ConfigTracker/CONFIG]: Loaded TOML config file D:\code\Gensokyou\run\config\gensokyou-common.toml
[18:20:10] [modloading-sync-worker/DEBUG] [ne.ne.fm.co.ConfigTracker/CONFIG]: Watching TOML config file D:\code\Gensokyou\run\config\gensokyou-common.toml for changes
[18:20:10] [modloading-sync-worker/DEBUG] [ne.ne.fm.DeferredWorkQueue/LOADING]: Dispatching synchronous work for work queue Common setup: 1 jobs
[18:20:10] [modloading-sync-worker/DEBUG] [ne.ne.fm.DeferredWorkQueue/LOADING]: Synchronous work queue completed in 4.955 ms
[18:20:11] [modloading-worker-0/INFO] [sn.ja.Jade/]: Start loading plugin from snownee.jade.addon.vanilla.VanillaPlugin
[18:20:11] [modloading-worker-0/INFO] [sn.ja.Jade/]: Loaded plugin from snownee.jade.addon.vanilla.VanillaPlugin in 35.10 ms
[18:20:11] [modloading-worker-0/INFO] [sn.ja.Jade/]: Start loading plugin from snownee.jade.addon.universal.UniversalPlugin
[18:20:11] [modloading-worker-0/INFO] [sn.ja.Jade/]: Loaded plugin from snownee.jade.addon.universal.UniversalPlugin in 8.205 ms
[18:20:11] [modloading-worker-0/INFO] [sn.ja.Jade/]: Start loading plugin from snownee.jade.addon.debug.DebugPlugin
[18:20:11] [modloading-worker-0/INFO] [sn.ja.Jade/]: Loaded plugin from snownee.jade.addon.debug.DebugPlugin in 10.80 μs
[18:20:11] [modloading-worker-0/INFO] [sn.ja.Jade/]: Start loading plugin from snownee.jade.addon.core.CorePlugin
[18:20:11] [modloading-worker-0/INFO] [sn.ja.Jade/]: Loaded plugin from snownee.jade.addon.core.CorePlugin in 118.2 μs
[18:20:11] [modloading-worker-0/INFO] [sn.ja.Jade/]: Start loading plugin from snownee.jade.addon.access.AccessibilityPlugin
[18:20:11] [modloading-worker-0/INFO] [sn.ja.Jade/]: Loaded plugin from snownee.jade.addon.access.AccessibilityPlugin in 15.60 μs
[18:20:11] [main/DEBUG] [mixin/]: Mixing NetworkRegistryMixin from fabric-networking-api-v1.mixins.json into net.neoforged.neoforge.network.registration.NetworkRegistry
[18:20:11] [main/DEBUG] [mixin/]: fabric-networking-api-v1.mixins.json:NetworkRegistryMixin from mod fabric_networking_api_v1: Class version 65 required is higher than the class version supported by the current version of Mixin (JAVA_17 supports class version 61)
[18:20:11] [main/DEBUG] [mixin/]: Renaming synthetic method lambda$preserveSendableChannels$5(Ljava/util/List;Lnet/neoforged/neoforge/network/payload/ModdedNetworkQueryComponent;)V to mdc589fe$fabric_networking_api_v1$lambda$preserveSendableChannels$5$0 in fabric-networking-api-v1.mixins.json:NetworkRegistryMixin from mod fabric_networking_api_v1
[18:20:11] [main/DEBUG] [mixin/]: Renaming synthetic method lambda$preserveSendableChannels$4(Ljava/util/List;Lnet/neoforged/neoforge/network/payload/ModdedNetworkQueryComponent;)Z to mdc589fe$fabric_networking_api_v1$lambda$preserveSendableChannels$4$1 in fabric-networking-api-v1.mixins.json:NetworkRegistryMixin from mod fabric_networking_api_v1
[18:20:11] [main/DEBUG] [mixin/]: Renaming synthetic method lambda$preserveSendableChannels$3(Lnet/neoforged/neoforge/network/payload/ModdedNetworkQueryComponent;Lnet/neoforged/neoforge/network/negotiation/NegotiatedNetworkComponent;)Z to mdc589fe$fabric_networking_api_v1$lambda$preserveSendableChannels$3$2 in fabric-networking-api-v1.mixins.json:NetworkRegistryMixin from mod fabric_networking_api_v1
[18:20:11] [main/DEBUG] [mixin/]: Renaming synthetic method lambda$preserveSendableChannels$2(Ljava/util/List;Lnet/neoforged/neoforge/network/payload/ModdedNetworkQueryComponent;)V to mdc589fe$fabric_networking_api_v1$lambda$preserveSendableChannels$2$3 in fabric-networking-api-v1.mixins.json:NetworkRegistryMixin from mod fabric_networking_api_v1
[18:20:11] [main/DEBUG] [mixin/]: Renaming synthetic method lambda$preserveSendableChannels$1(Ljava/util/List;Lnet/neoforged/neoforge/network/payload/ModdedNetworkQueryComponent;)Z to mdc589fe$fabric_networking_api_v1$lambda$preserveSendableChannels$1$4 in fabric-networking-api-v1.mixins.json:NetworkRegistryMixin from mod fabric_networking_api_v1
[18:20:11] [main/DEBUG] [mixin/]: Renaming synthetic method lambda$preserveSendableChannels$0(Lnet/neoforged/neoforge/network/payload/ModdedNetworkQueryComponent;Lnet/neoforged/neoforge/network/negotiation/NegotiatedNetworkComponent;)Z to mdc589fe$fabric_networking_api_v1$lambda$preserveSendableChannels$0$5 in fabric-networking-api-v1.mixins.json:NetworkRegistryMixin from mod fabric_networking_api_v1
[18:20:11] [main/DEBUG] [mixin/]: Mixing accessor.NetworkRegistryAccessor from fabric-networking-api-v1.mixins.json into net.neoforged.neoforge.network.registration.NetworkRegistry
[18:20:11] [main/DEBUG] [mixin/]: fabric-networking-api-v1.mixins.json:accessor.NetworkRegistryAccessor from mod fabric_networking_api_v1: Class version 65 required is higher than the class version supported by the current version of Mixin (JAVA_17 supports class version 61)
[18:20:11] [main/DEBUG] [mixin/]: Renaming @Accessor method getPayloadRegistrations()Ljava/util/Map; to getPayloadRegistrations$fabric_networking_api_v1_$md$c589fe$6 in fabric-networking-api-v1.mixins.json:accessor.NetworkRegistryAccessor from mod fabric_networking_api_v1
[18:20:11] [main/DEBUG] [mixin/]: Renaming @Accessor method getSetup()Z to getSetup$fabric_networking_api_v1_$md$c589fe$7 in fabric-networking-api-v1.mixins.json:accessor.NetworkRegistryAccessor from mod fabric_networking_api_v1
[18:20:11] [main/DEBUG] [mixin/]: Renaming @Accessor method setSetup(Z)V to setSetup$fabric_networking_api_v1_$md$c589fe$8 in fabric-networking-api-v1.mixins.json:accessor.NetworkRegistryAccessor from mod fabric_networking_api_v1
[18:20:11] [main/DEBUG] [mixin/]: fabric-networking-api-v1.mixins.json:NetworkRegistryMixin from mod fabric_networking_api_v1->@Inject::getCodec(Lnet/minecraft/resources/ResourceLocation;Lnet/minecraft/network/ConnectionProtocol;Lnet/minecraft/network/protocol/PacketFlow;Lorg/spongepowered/asm/mixin/injection/callback/CallbackInfoReturnable;)V does use it's CallbackInfoReturnable
[18:20:11] [main/DEBUG] [mixin/]: fabric-networking-api-v1.mixins.json:NetworkRegistryMixin from mod fabric_networking_api_v1->@Inject::preventDisconnectOnUnknownFabricPacketClient(Lnet/minecraft/network/protocol/common/ClientCommonPacketListener;Lnet/minecraft/network/protocol/common/ClientboundCustomPayloadPacket;Lorg/spongepowered/asm/mixin/injection/callback/CallbackInfo;)V does use it's CallbackInfo
[18:20:11] [main/DEBUG] [mixin/]: fabric-networking-api-v1.mixins.json:NetworkRegistryMixin from mod fabric_networking_api_v1->@Inject::preventDisconnectOnUnknownFabricPacketServer(Lnet/minecraft/network/protocol/common/ServerCommonPacketListener;Lnet/minecraft/network/protocol/common/ServerboundCustomPayloadPacket;Lorg/spongepowered/asm/mixin/injection/callback/CallbackInfo;)V does use it's CallbackInfo
[18:20:11] [main/INFO] [mojang/YggdrasilAuthenticationService]: Environment: Environment[sessionHost=https://sessionserver.mojang.com, servicesHost=https://api.minecraftservices.com, name=PROD]
[18:20:11] [main/WARN] [minecraft/VanillaPackResourcesBuilder]: Assets URL 'union:/D:/code/Gensokyou/build/moddev/artifacts/neoforge-21.1.248.jar%23126!/assets/.mcassetsroot' uses unexpected schema
[18:20:11] [main/WARN] [minecraft/VanillaPackResourcesBuilder]: Assets URL 'union:/D:/code/Gensokyou/build/moddev/artifacts/neoforge-21.1.248.jar%23126!/data/.mcassetsroot' uses unexpected schema
[18:20:13] [main/INFO] [minecraft/RecipeManager]: Loaded 1333 recipes
[18:20:14] [main/INFO] [minecraft/AdvancementTree]: Loaded 1399 advancements
[18:20:14] [main/INFO] [co.bi.ge.Gensokyou/]: Loaded 2 ritual patterns
[18:20:14] [main/INFO] [co.bi.ge.Gensokyou/]: Loaded 1 ritual recipes
[18:20:14] [main/DEBUG] [ne.ne.ne.co.CommonHooks/WP]: Gathered mod list to write to world save world
[18:20:14] [Server thread/INFO] [minecraft/DedicatedServer]: Starting minecraft server version 1.21.1
[18:20:14] [Server thread/INFO] [minecraft/DedicatedServer]: Loading properties
[18:20:14] [Server thread/INFO] [minecraft/DedicatedServer]: Default game type: SURVIVAL
[18:20:14] [Server thread/INFO] [minecraft/MinecraftServer]: Generating keypair
[18:20:15] [Server thread/INFO] [minecraft/DedicatedServer]: Starting Minecraft server on *:25565
[18:20:15] [Server thread/DEBUG] [ne.ne.ne.ne.DualStackUtils/]: Detected IPv6 address: "0:0:0:0:0:0:0:0"
[18:20:15] [Server thread/DEBUG] [io.ne.ch.MultithreadEventLoopGroup/]: -Dio.netty.eventLoopThreads: 32
[18:20:15] [Server thread/DEBUG] [io.ne.ut.co.GlobalEventExecutor/]: -Dio.netty.globalEventExecutor.quietPeriodSeconds: 1
[18:20:15] [Server thread/DEBUG] [io.ne.ch.ni.NioEventLoop/]: -Dio.netty.noKeySetOptimization: false
[18:20:15] [Server thread/DEBUG] [io.ne.ch.ni.NioEventLoop/]: -Dio.netty.selectorAutoRebuildThreshold: 512
[18:20:15] [Server thread/DEBUG] [io.ne.ut.in.PlatformDependent/]: org.jctools-core.MpscChunkedArrayQueue: available
[18:20:15] [Server thread/INFO] [minecraft/ServerConnectionListener]: Using default channel type
[18:20:15] [Server thread/DEBUG] [io.ne.ch.DefaultChannelId/]: -Dio.netty.processId: 11532 (auto-detected)
[18:20:15] [Server thread/DEBUG] [io.ne.ut.NetUtil/]: -Djava.net.preferIPv4Stack: false
[18:20:15] [Server thread/DEBUG] [io.ne.ut.NetUtil/]: -Djava.net.preferIPv6Addresses: true
[18:20:15] [Server thread/DEBUG] [io.ne.ut.NetUtilInitializations/]: Loopback interface: loopback_0 (Software Loopback Interface 1, 0:0:0:0:0:0:0:1)
[18:20:15] [Server thread/DEBUG] [io.ne.ut.NetUtil/]: Failed to get SOMAXCONN from sysctl and file \proc\sys\net\core\somaxconn. Default: 200
[18:20:15] [Server thread/DEBUG] [io.ne.ch.DefaultChannelId/]: -Dio.netty.machineId: 00:e0:4c:ff:fe:8e:94:8e (auto-detected)
[18:20:15] [Server thread/WARN] [minecraft/DedicatedServer]: **** SERVER IS RUNNING IN OFFLINE/INSECURE MODE!
[18:20:15] [Server thread/WARN] [minecraft/DedicatedServer]: The server will make no attempt to authenticate usernames. Beware.
[18:20:15] [Server thread/WARN] [minecraft/DedicatedServer]: While this makes the game possible to play without internet access, it also opens up the ability for hackers to connect with any username they choose.
[18:20:15] [Server thread/WARN] [minecraft/DedicatedServer]: To change this, set "online-mode" to "true" in the server.properties file.
[18:20:15] [Server thread/DEBUG] [ne.ne.fm.co.ConfigTracker/CONFIG]: Loading configs type SERVER
[18:20:15] [Server thread/DEBUG] [ne.ne.fm.co.ConfigTracker/CONFIG]: Loaded TOML config file D:\code\Gensokyou\run\config\jei-server.toml
[18:20:15] [Server thread/DEBUG] [ne.ne.fm.co.ConfigTracker/CONFIG]: Watching TOML config file D:\code\Gensokyou\run\config\jei-server.toml for changes
[18:20:15] [Server thread/DEBUG] [ne.ne.ne.co.NeoForgeConfig/FORGEMOD]: Loaded NeoForge config file neoforge-server.toml
[18:20:15] [Server thread/DEBUG] [ne.ne.fm.co.ConfigTracker/CONFIG]: Loaded TOML config file D:\code\Gensokyou\run\config\neoforge-server.toml
[18:20:15] [Server thread/DEBUG] [ne.ne.fm.co.ConfigTracker/CONFIG]: Watching TOML config file D:\code\Gensokyou\run\config\neoforge-server.toml for changes
[18:20:15] [Server thread/INFO] [minecraft/DedicatedServer]: Preparing level "world"
[18:20:15] [Server thread/DEBUG] [mixin/]: Mixing world.IMixinWorldTickScheduler from mixins.litematica.json into net.minecraft.world.ticks.LevelTicks
[18:20:15] [Server thread/DEBUG] [mixin/]: Mixing accessor.ServerChunkLoadingManagerAccessor from fabric-networking-api-v1.mixins.json into net.minecraft.server.level.ChunkMap
[18:20:15] [Server thread/DEBUG] [mixin/]: fabric-networking-api-v1.mixins.json:accessor.ServerChunkLoadingManagerAccessor from mod fabric_networking_api_v1: Class version 65 required is higher than the class version supported by the current version of Mixin (JAVA_17 supports class version 61)
[18:20:16] [Server thread/INFO] [minecraft/MinecraftServer]: Preparing start region for dimension minecraft:overworld
[18:20:17] [Worker-Main-7/INFO] [minecraft/LoggerChunkProgressListener]: Preparing spawn area: 0%
[18:20:17] [Worker-Main-8/INFO] [minecraft/LoggerChunkProgressListener]: Preparing spawn area: 73%
[18:20:17] [Server thread/INFO] [minecraft/LoggerChunkProgressListener]: Time elapsed: 640 ms
[18:20:17] [Server thread/INFO] [minecraft/DedicatedServer]: Done (2.013s)! For help, type "help"
[18:20:17] [Server thread/DEBUG] [ne.ne.ne.ne.DualStackUtils/]: Detected IPv6 address: "0:0:0:0:0:0:0:0"
[18:20:17] [Server thread/DEBUG] [ne.ne.ne.se.LanguageHook/]: Loaded 10 language files for en_us
[18:20:17] [Server thread/INFO] [ne.ne.ne.se.pe.PermissionAPI/]: Successfully initialized permission handler neoforge:default_handler
[18:20:18] [Server thread/DEBUG] [mixin/]: Mixing accessor.EntityTrackerAccessor from fabric-networking-api-v1.mixins.json into net.minecraft.server.level.ChunkMap$TrackedEntity
[18:20:18] [Server thread/DEBUG] [mixin/]: fabric-networking-api-v1.mixins.json:accessor.EntityTrackerAccessor from mod fabric_networking_api_v1: Class version 65 required is higher than the class version supported by the current version of Mixin (JAVA_17 supports class version 61)
[18:20:18] [Server thread/DEBUG] [mixin/]: Mixing EntityTrackerEntryMixin from fabric-networking-api-v1.mixins.json into net.minecraft.server.level.ServerEntity
[18:20:18] [Server thread/DEBUG] [mixin/]: fabric-networking-api-v1.mixins.json:EntityTrackerEntryMixin from mod fabric_networking_api_v1: Class version 65 required is higher than the class version supported by the current version of Mixin (JAVA_17 supports class version 61)
[18:20:18] [Server thread/DEBUG] [mixin/]: fabric-networking-api-v1.mixins.json:EntityTrackerEntryMixin from mod fabric_networking_api_v1->@Inject::onStartTracking(Lnet/minecraft/server/level/ServerPlayer;Lorg/spongepowered/asm/mixin/injection/callback/CallbackInfo;)V doesn't use it's CallbackInfo
[18:20:18] [Server thread/DEBUG] [mixin/]: fabric-networking-api-v1.mixins.json:EntityTrackerEntryMixin from mod fabric_networking_api_v1->@Inject::onStartTracking(Lnet/minecraft/server/level/ServerPlayer;Lorg/spongepowered/asm/mixin/injection/callback/CallbackInfo;)V has 0 override(s) in child classes
[18:20:18] [Server thread/DEBUG] [mixin/]: fabric-networking-api-v1.mixins.json:EntityTrackerEntryMixin from mod fabric_networking_api_v1->@Inject::onStartTracking(Lnet/minecraft/server/level/ServerPlayer;Lorg/spongepowered/asm/mixin/injection/callback/CallbackInfo;)V won't be passed a CallbackInfo as a result
[18:20:18] [Server thread/DEBUG] [mixin/]: fabric-networking-api-v1.mixins.json:EntityTrackerEntryMixin from mod fabric_networking_api_v1->@Inject::onStopTracking(Lnet/minecraft/server/level/ServerPlayer;Lorg/spongepowered/asm/mixin/injection/callback/CallbackInfo;)V doesn't use it's CallbackInfo
[18:20:18] [Server thread/DEBUG] [mixin/]: fabric-networking-api-v1.mixins.json:EntityTrackerEntryMixin from mod fabric_networking_api_v1->@Inject::onStopTracking(Lnet/minecraft/server/level/ServerPlayer;Lorg/spongepowered/asm/mixin/injection/callback/CallbackInfo;)V has 0 override(s) in child classes
[18:20:18] [Server thread/DEBUG] [mixin/]: fabric-networking-api-v1.mixins.json:EntityTrackerEntryMixin from mod fabric_networking_api_v1->@Inject::onStopTracking(Lnet/minecraft/server/level/ServerPlayer;Lorg/spongepowered/asm/mixin/injection/callback/CallbackInfo;)V won't be passed a CallbackInfo as a result
[18:20:19] [Server thread/ERROR] [ne.ne.fm.co.as.RuntimeDistCleaner/DISTXFORM]: Attempted to load class net/minecraft/client/player/LocalPlayer for invalid dist DEDICATED_SERVER
[18:20:19] [Server thread/WARN] [minecraft/ServerFunctionManager]: Failed to execute function gs_autotest:setup_a
java.lang.RuntimeException: Attempted to load class net/minecraft/client/player/LocalPlayer for invalid dist DEDICATED_SERVER
	at MC-BOOTSTRAP/fml_loader@4.0.43/net.neoforged.fml.common.asm.RuntimeDistCleaner.processClassWithFlags(RuntimeDistCleaner.java:60) ~[loader-4.0.43.jar:4.0] {}
	at MC-BOOTSTRAP/cpw.mods.modlauncher@11.0.5/cpw.mods.modlauncher.LaunchPluginHandler.offerClassNodeToPlugins(LaunchPluginHandler.java:94) ~[modlauncher-11.0.5.jar:?] {}
	at MC-BOOTSTRAP/cpw.mods.modlauncher@11.0.5/cpw.mods.modlauncher.ClassTransformer.transform(ClassTransformer.java:120) ~[modlauncher-11.0.5.jar:?] {}
	at MC-BOOTSTRAP/cpw.mods.modlauncher@11.0.5/cpw.mods.modlauncher.TransformingClassLoader.maybeTransformClassBytes(TransformingClassLoader.java:57) ~[modlauncher-11.0.5.jar:?] {}
	at cpw.mods.securejarhandler/cpw.mods.cl.ModuleClassLoader.readerToClass(ModuleClassLoader.java:190) ~[securejarhandler-3.0.8.jar:?] {}
	at cpw.mods.securejarhandler/cpw.mods.cl.ModuleClassLoader.lambda$findClass$20(ModuleClassLoader.java:298) ~[securejarhandler-3.0.8.jar:?] {}
	at cpw.mods.securejarhandler/cpw.mods.cl.ModuleClassLoader.loadFromModule(ModuleClassLoader.java:311) ~[securejarhandler-3.0.8.jar:?] {}
	at cpw.mods.securejarhandler/cpw.mods.cl.ModuleClassLoader.findClass(ModuleClassLoader.java:298) ~[securejarhandler-3.0.8.jar:?] {}
	at cpw.mods.securejarhandler/cpw.mods.cl.ModuleClassLoader.loadClass(ModuleClassLoader.java:214) ~[securejarhandler-3.0.8.jar:?] {}
	at java.base/java.lang.ClassLoader.loadClass(ClassLoader.java:526) ~[?:?] {}
	at TRANSFORMER/minecraft@1.21.1/net.minecraft.world.level.chunk.LevelChunk.redirect$zzi000$forgematica$litematica_redirectIsRemote(LevelChunk.java:763) ~[neoforge-21.1.248.jar%23126!/:?] {re:mixin,re:classloading,pl:mixin:APP:mixins.litematica.json:world.MixinWorldChunk from mod forgematica,pl:mixin:A}
	at TRANSFORMER/minecraft@1.21.1/net.minecraft.world.level.chunk.LevelChunk.setBlockState(LevelChunk.java:282) ~[neoforge-21.1.248.jar%23126!/:?] {re:mixin,re:classloading,pl:mixin:APP:mixins.litematica.json:world.MixinWorldChunk from mod forgematica,pl:mixin:A}
	at TRANSFORMER/minecraft@1.21.1/net.minecraft.world.level.Level.setBlock(Level.java:253) ~[neoforge-21.1.248.jar%23126!/:?] {re:mixin,pl:accesstransformer:B,re:computing_frames,pl:accesstransformer:B,re:classloading,pl:accesstransformer:B,pl:mixin:APP:mixins.litematica.json:world.IMixinWorld from mod forgematica,pl:mixin:APP:mixins.litematica.json:world.MixinWorld from mod forgematica,pl:mixin:A}
	at TRANSFORMER/minecraft@1.21.1/net.minecraft.world.level.Level.setBlock(Level.java:229) ~[neoforge-21.1.248.jar%23126!/:?] {re:mixin,pl:accesstransformer:B,re:computing_frames,pl:accesstransformer:B,re:classloading,pl:accesstransformer:B,pl:mixin:APP:mixins.litematica.json:world.IMixinWorld from mod forgematica,pl:mixin:APP:mixins.litematica.json:world.MixinWorld from mod forgematica,pl:mixin:A}
	at TRANSFORMER/minecraft@1.21.1/net.minecraft.commands.arguments.blocks.BlockInput.place(BlockInput.java:66) ~[neoforge-21.1.248.jar%23126!/:?] {re:classloading}
	at TRANSFORMER/minecraft@1.21.1/net.minecraft.server.commands.FillCommand.fillBlocks(FillCommand.java:176) ~[neoforge-21.1.248.jar%23126!/:?] {re:classloading}
	at TRANSFORMER/minecraft@1.21.1/net.minecraft.server.commands.FillCommand.lambda$register$2(FillCommand.java:49) ~[neoforge-21.1.248.jar%23126!/:?] {re:classloading}
	at MC-BOOTSTRAP/brigadier@1.3.10/com.mojang.brigadier.context.ContextChain.runExecutable(ContextChain.java:73) ~[brigadier-1.3.10.jar%2376!/:?] {}
	at TRANSFORMER/minecraft@1.21.1/net.minecraft.commands.execution.tasks.ExecuteCommand.execute(ExecuteCommand.java:29) ~[neoforge-21.1.248.jar%23126!/:?] {re:classloading}
	at TRANSFORMER/minecraft@1.21.1/net.minecraft.commands.execution.tasks.ExecuteCommand.execute(ExecuteCommand.java:13) ~[neoforge-21.1.248.jar%23126!/:?] {re:classloading}
	at TRANSFORMER/minecraft@1.21.1/net.minecraft.commands.execution.UnboundEntryAction.lambda$bind$0(UnboundEntryAction.java:8) ~[neoforge-21.1.248.jar%23126!/:?] {re:classloading}
	at TRANSFORMER/minecraft@1.21.1/net.minecraft.commands.execution.CommandQueueEntry.execute(CommandQueueEntry.java:5) ~[neoforge-21.1.248.jar%23126!/:?] {re:classloading}
	at TRANSFORMER/minecraft@1.21.1/net.minecraft.commands.execution.ExecutionContext.runCommandQueue(ExecutionContext.java:103) ~[neoforge-21.1.248.jar%23126!/:?] {re:classloading}
	at TRANSFORMER/minecraft@1.21.1/net.minecraft.commands.Commands.executeCommandInContext(Commands.java:363) ~[neoforge-21.1.248.jar%23126!/:?] {re:classloading}
	at TRANSFORMER/minecraft@1.21.1/net.minecraft.server.ServerFunctionManager.execute(ServerFunctionManager.java:67) ~[neoforge-21.1.248.jar%23126!/:?] {re:classloading}
	at TRANSFORMER/minecraft@1.21.1/net.minecraft.world.level.timers.FunctionCallback.lambda$handle$0(FunctionCallback.java:20) ~[neoforge-21.1.248.jar%23126!/:?] {re:classloading}
	at java.base/java.util.Optional.ifPresent(Optional.java:178) ~[?:?] {}
	at TRANSFORMER/minecraft@1.21.1/net.minecraft.world.level.timers.FunctionCallback.handle(FunctionCallback.java:20) ~[neoforge-21.1.248.jar%23126!/:?] {re:classloading}
	at TRANSFORMER/minecraft@1.21.1/net.minecraft.world.level.timers.FunctionCallback.handle(FunctionCallback.java:10) ~[neoforge-21.1.248.jar%23126!/:?] {re:classloading}
	at TRANSFORMER/minecraft@1.21.1/net.minecraft.world.level.timers.TimerQueue.tick(TimerQueue.java:63) ~[neoforge-21.1.248.jar%23126!/:?] {re:classloading}
	at TRANSFORMER/minecraft@1.21.1/net.minecraft.server.level.ServerLevel.tickTime(ServerLevel.java:448) ~[neoforge-21.1.248.jar%23126!/:?] {re:classloading,pl:accesstransformer:B}
	at TRANSFORMER/minecraft@1.21.1/net.minecraft.server.level.ServerLevel.tick(ServerLevel.java:363) ~[neoforge-21.1.248.jar%23126!/:?] {re:classloading,pl:accesstransformer:B}
	at TRANSFORMER/minecraft@1.21.1/net.minecraft.server.MinecraftServer.tickChildren(MinecraftServer.java:1052) ~[neoforge-21.1.248.jar%23126!/:?] {re:mixin,pl:accesstransformer:B,re:classloading,pl:accesstransformer:B,pl:mixin:APP:mixins.litematica.json:server.MixinMinecraftServer from mod forgematica,pl:mixin:A}
	at TRANSFORMER/minecraft@1.21.1/net.minecraft.server.dedicated.DedicatedServer.tickChildren(DedicatedServer.java:317) ~[neoforge-21.1.248.jar%23126!/:?] {re:classloading}
	at TRANSFORMER/minecraft@1.21.1/net.minecraft.server.MinecraftServer.tickServer(MinecraftServer.java:932) ~[neoforge-21.1.248.jar%23126!/:?] {re:mixin,pl:accesstransformer:B,re:classloading,pl:accesstransformer:B,pl:mixin:APP:mixins.litematica.json:server.MixinMinecraftServer from mod forgematica,pl:mixin:A}
	at TRANSFORMER/minecraft@1.21.1/net.minecraft.server.MinecraftServer.runServer(MinecraftServer.java:713) ~[neoforge-21.1.248.jar%23126!/:?] {re:mixin,pl:accesstransformer:B,re:classloading,pl:accesstransformer:B,pl:mixin:APP:mixins.litematica.json:server.MixinMinecraftServer from mod forgematica,pl:mixin:A}
	at TRANSFORMER/minecraft@1.21.1/net.minecraft.server.MinecraftServer.lambda$spin$2(MinecraftServer.java:267) ~[neoforge-21.1.248.jar%23126!/:?] {re:mixin,pl:accesstransformer:B,re:classloading,pl:accesstransformer:B,pl:mixin:APP:mixins.litematica.json:server.MixinMinecraftServer from mod forgematica,pl:mixin:A}
	at java.base/java.lang.Thread.run(Thread.java:1583) [?:?] {}
[18:20:19] [Server thread/ERROR] [ne.ne.fm.co.as.RuntimeDistCleaner/DISTXFORM]: Attempted to load class net/minecraft/client/player/LocalPlayer for invalid dist DEDICATED_SERVER
[18:20:19] [Server thread/WARN] [minecraft/ServerFunctionManager]: Failed to execute function gs_autotest:setup_b
java.lang.RuntimeException: Attempted to load class net/minecraft/client/player/LocalPlayer for invalid dist DEDICATED_SERVER
	at MC-BOOTSTRAP/fml_loader@4.0.43/net.neoforged.fml.common.asm.RuntimeDistCleaner.processClassWithFlags(RuntimeDistCleaner.java:60) ~[loader-4.0.43.jar:4.0] {}
	at MC-BOOTSTRAP/cpw.mods.modlauncher@11.0.5/cpw.mods.modlauncher.LaunchPluginHandler.offerClassNodeToPlugins(LaunchPluginHandler.java:94) ~[modlauncher-11.0.5.jar:?] {}
	at MC-BOOTSTRAP/cpw.mods.modlauncher@11.0.5/cpw.mods.modlauncher.ClassTransformer.transform(ClassTransformer.java:120) ~[modlauncher-11.0.5.jar:?] {}
	at MC-BOOTSTRAP/cpw.mods.modlauncher@11.0.5/cpw.mods.modlauncher.TransformingClassLoader.maybeTransformClassBytes(TransformingClassLoader.java:57) ~[modlauncher-11.0.5.jar:?] {}
	at cpw.mods.securejarhandler/cpw.mods.cl.ModuleClassLoader.readerToClass(ModuleClassLoader.java:190) ~[securejarhandler-3.0.8.jar:?] {}
	at cpw.mods.securejarhandler/cpw.mods.cl.ModuleClassLoader.lambda$findClass$20(ModuleClassLoader.java:298) ~[securejarhandler-3.0.8.jar:?] {}
	at cpw.mods.securejarhandler/cpw.mods.cl.ModuleClassLoader.loadFromModule(ModuleClassLoader.java:311) ~[securejarhandler-3.0.8.jar:?] {}
	at cpw.mods.securejarhandler/cpw.mods.cl.ModuleClassLoader.findClass(ModuleClassLoader.java:298) ~[securejarhandler-3.0.8.jar:?] {}
	at cpw.mods.securejarhandler/cpw.mods.cl.ModuleClassLoader.loadClass(ModuleClassLoader.java:214) ~[securejarhandler-3.0.8.jar:?] {}
	at java.base/java.lang.ClassLoader.loadClass(ClassLoader.java:526) ~[?:?] {}
	at TRANSFORMER/minecraft@1.21.1/net.minecraft.world.level.chunk.LevelChunk.redirect$zzi000$forgematica$litematica_redirectIsRemote(LevelChunk.java:763) ~[neoforge-21.1.248.jar%23126!/:?] {re:mixin,re:classloading,pl:mixin:APP:mixins.litematica.json:world.MixinWorldChunk from mod forgematica,pl:mixin:A}
	at TRANSFORMER/minecraft@1.21.1/net.minecraft.world.level.chunk.LevelChunk.setBlockState(LevelChunk.java:282) ~[neoforge-21.1.248.jar%23126!/:?] {re:mixin,re:classloading,pl:mixin:APP:mixins.litematica.json:world.MixinWorldChunk from mod forgematica,pl:mixin:A}
	at TRANSFORMER/minecraft@1.21.1/net.minecraft.world.level.Level.setBlock(Level.java:253) ~[neoforge-21.1.248.jar%23126!/:?] {re:mixin,pl:accesstransformer:B,re:computing_frames,pl:accesstransformer:B,re:classloading,pl:accesstransformer:B,pl:mixin:APP:mixins.litematica.json:world.IMixinWorld from mod forgematica,pl:mixin:APP:mixins.litematica.json:world.MixinWorld from mod forgematica,pl:mixin:A}
	at TRANSFORMER/minecraft@1.21.1/net.minecraft.world.level.Level.setBlock(Level.java:229) ~[neoforge-21.1.248.jar%23126!/:?] {re:mixin,pl:accesstransformer:B,re:computing_frames,pl:accesstransformer:B,re:classloading,pl:accesstransformer:B,pl:mixin:APP:mixins.litematica.json:world.IMixinWorld from mod forgematica,pl:mixin:APP:mixins.litematica.json:world.MixinWorld from mod forgematica,pl:mixin:A}
	at TRANSFORMER/minecraft@1.21.1/net.minecraft.commands.arguments.blocks.BlockInput.place(BlockInput.java:66) ~[neoforge-21.1.248.jar%23126!/:?] {re:classloading}
	at TRANSFORMER/minecraft@1.21.1/net.minecraft.server.commands.FillCommand.fillBlocks(FillCommand.java:176) ~[neoforge-21.1.248.jar%23126!/:?] {re:classloading}
	at TRANSFORMER/minecraft@1.21.1/net.minecraft.server.commands.FillCommand.lambda$register$2(FillCommand.java:49) ~[neoforge-21.1.248.jar%23126!/:?] {re:classloading}
	at MC-BOOTSTRAP/brigadier@1.3.10/com.mojang.brigadier.context.ContextChain.runExecutable(ContextChain.java:73) ~[brigadier-1.3.10.jar%2376!/:?] {}
	at TRANSFORMER/minecraft@1.21.1/net.minecraft.commands.execution.tasks.ExecuteCommand.execute(ExecuteCommand.java:29) ~[neoforge-21.1.248.jar%23126!/:?] {re:classloading}
	at TRANSFORMER/minecraft@1.21.1/net.minecraft.commands.execution.tasks.ExecuteCommand.execute(ExecuteCommand.java:13) ~[neoforge-21.1.248.jar%23126!/:?] {re:classloading}
	at TRANSFORMER/minecraft@1.21.1/net.minecraft.commands.execution.UnboundEntryAction.lambda$bind$0(UnboundEntryAction.java:8) ~[neoforge-21.1.248.jar%23126!/:?] {re:classloading}
	at TRANSFORMER/minecraft@1.21.1/net.minecraft.commands.execution.CommandQueueEntry.execute(CommandQueueEntry.java:5) ~[neoforge-21.1.248.jar%23126!/:?] {re:classloading}
	at TRANSFORMER/minecraft@1.21.1/net.minecraft.commands.execution.ExecutionContext.runCommandQueue(ExecutionContext.java:103) ~[neoforge-21.1.248.jar%23126!/:?] {re:classloading}
	at TRANSFORMER/minecraft@1.21.1/net.minecraft.commands.Commands.executeCommandInContext(Commands.java:363) ~[neoforge-21.1.248.jar%23126!/:?] {re:classloading}
	at TRANSFORMER/minecraft@1.21.1/net.minecraft.server.ServerFunctionManager.execute(ServerFunctionManager.java:67) ~[neoforge-21.1.248.jar%23126!/:?] {re:classloading}
	at TRANSFORMER/minecraft@1.21.1/net.minecraft.world.level.timers.FunctionCallback.lambda$handle$0(FunctionCallback.java:20) ~[neoforge-21.1.248.jar%23126!/:?] {re:classloading}
	at java.base/java.util.Optional.ifPresent(Optional.java:178) ~[?:?] {}
	at TRANSFORMER/minecraft@1.21.1/net.minecraft.world.level.timers.FunctionCallback.handle(FunctionCallback.java:20) ~[neoforge-21.1.248.jar%23126!/:?] {re:classloading}
	at TRANSFORMER/minecraft@1.21.1/net.minecraft.world.level.timers.FunctionCallback.handle(FunctionCallback.java:10) ~[neoforge-21.1.248.jar%23126!/:?] {re:classloading}
	at TRANSFORMER/minecraft@1.21.1/net.minecraft.world.level.timers.TimerQueue.tick(TimerQueue.java:63) ~[neoforge-21.1.248.jar%23126!/:?] {re:classloading}
	at TRANSFORMER/minecraft@1.21.1/net.minecraft.server.level.ServerLevel.tickTime(ServerLevel.java:448) ~[neoforge-21.1.248.jar%23126!/:?] {re:classloading,pl:accesstransformer:B}
	at TRANSFORMER/minecraft@1.21.1/net.minecraft.server.level.ServerLevel.tick(ServerLevel.java:363) ~[neoforge-21.1.248.jar%23126!/:?] {re:classloading,pl:accesstransformer:B}
	at TRANSFORMER/minecraft@1.21.1/net.minecraft.server.MinecraftServer.tickChildren(MinecraftServer.java:1052) ~[neoforge-21.1.248.jar%23126!/:?] {re:mixin,pl:accesstransformer:B,re:classloading,pl:accesstransformer:B,pl:mixin:APP:mixins.litematica.json:server.MixinMinecraftServer from mod forgematica,pl:mixin:A}
	at TRANSFORMER/minecraft@1.21.1/net.minecraft.server.dedicated.DedicatedServer.tickChildren(DedicatedServer.java:317) ~[neoforge-21.1.248.jar%23126!/:?] {re:classloading}
	at TRANSFORMER/minecraft@1.21.1/net.minecraft.server.MinecraftServer.tickServer(MinecraftServer.java:932) ~[neoforge-21.1.248.jar%23126!/:?] {re:mixin,pl:accesstransformer:B,re:classloading,pl:accesstransformer:B,pl:mixin:APP:mixins.litematica.json:server.MixinMinecraftServer from mod forgematica,pl:mixin:A}
	at TRANSFORMER/minecraft@1.21.1/net.minecraft.server.MinecraftServer.runServer(MinecraftServer.java:713) ~[neoforge-21.1.248.jar%23126!/:?] {re:mixin,pl:accesstransformer:B,re:classloading,pl:accesstransformer:B,pl:mixin:APP:mixins.litematica.json:server.MixinMinecraftServer from mod forgematica,pl:mixin:A}
	at TRANSFORMER/minecraft@1.21.1/net.minecraft.server.MinecraftServer.lambda$spin$2(MinecraftServer.java:267) ~[neoforge-21.1.248.jar%23126!/:?] {re:mixin,pl:accesstransformer:B,re:classloading,pl:accesstransformer:B,pl:mixin:APP:mixins.litematica.json:server.MixinMinecraftServer from mod forgematica,pl:mixin:A}
	at java.base/java.lang.Thread.run(Thread.java:1583) [?:?] {}
[18:20:21] [Server thread/INFO] [minecraft/MinecraftServer]: [Not Secure] [Server] [GS-TEST] SP_OK:cap1
[18:20:34] [Server thread/INFO] [minecraft/MinecraftServer]: [Not Secure] [Server] [GS-TEST] SP_OK:cap2
[18:20:38] [Server thread/INFO] [minecraft/MinecraftServer]: [Not Secure] [Server] [GS-TEST] ALL_DONE
[18:25:17] [Server thread/DEBUG] [ne.ne.ne.co.CommonHooks/WP]: Gathered mod list to write to world save world
[18:30:17] [Server thread/DEBUG] [ne.ne.ne.co.CommonHooks/WP]: Gathered mod list to write to world save world
[18:35:17] [Server thread/DEBUG] [ne.ne.ne.co.CommonHooks/WP]: Gathered mod list to write to world save world
[18:40:17] [Server thread/DEBUG] [ne.ne.ne.co.CommonHooks/WP]: Gathered mod list to write to world save world
[18:45:17] [Server thread/DEBUG] [ne.ne.ne.co.CommonHooks/WP]: Gathered mod list to write to world save world
[18:50:17] [Server thread/DEBUG] [ne.ne.ne.co.CommonHooks/WP]: Gathered mod list to write to world save world
[18:55:17] [Server thread/DEBUG] [ne.ne.ne.co.CommonHooks/WP]: Gathered mod list to write to world save world
[19:00:17] [Server thread/DEBUG] [ne.ne.ne.co.CommonHooks/WP]: Gathered mod list to write to world save world
[19:05:17] [Server thread/DEBUG] [ne.ne.ne.co.CommonHooks/WP]: Gathered mod list to write to world save world
[19:10:17] [Server thread/DEBUG] [ne.ne.ne.co.CommonHooks/WP]: Gathered mod list to write to world save world
[19:15:17] [Server thread/DEBUG] [ne.ne.ne.co.CommonHooks/WP]: Gathered mod list to write to world save world
[19:20:17] [Server thread/DEBUG] [ne.ne.ne.co.CommonHooks/WP]: Gathered mod list to write to world save world
[19:25:17] [Server thread/DEBUG] [ne.ne.ne.co.CommonHooks/WP]: Gathered mod list to write to world save world
[19:30:17] [Server thread/DEBUG] [ne.ne.ne.co.CommonHooks/WP]: Gathered mod list to write to world save world
[19:35:17] [Server thread/DEBUG] [ne.ne.ne.co.CommonHooks/WP]: Gathered mod list to write to world save world
[19:40:17] [Server thread/DEBUG] [ne.ne.ne.co.CommonHooks/WP]: Gathered mod list to write to world save world
[19:45:17] [Server thread/DEBUG] [ne.ne.ne.co.CommonHooks/WP]: Gathered mod list to write to world save world
[19:50:17] [Server thread/DEBUG] [ne.ne.ne.co.CommonHooks/WP]: Gathered mod list to write to world save world
[19:55:17] [Server thread/DEBUG] [ne.ne.ne.co.CommonHooks/WP]: Gathered mod list to write to world save world
[20:00:17] [Server thread/DEBUG] [ne.ne.ne.co.CommonHooks/WP]: Gathered mod list to write to world save world
[20:05:17] [Server thread/DEBUG] [ne.ne.ne.co.CommonHooks/WP]: Gathered mod list to write to world save world
[20:10:17] [Server thread/DEBUG] [ne.ne.ne.co.CommonHooks/WP]: Gathered mod list to write to world save world
[20:15:17] [Server thread/DEBUG] [ne.ne.ne.co.CommonHooks/WP]: Gathered mod list to write to world save world
[20:20:17] [Server thread/DEBUG] [ne.ne.ne.co.CommonHooks/WP]: Gathered mod list to write to world save world
[20:25:17] [Server thread/DEBUG] [ne.ne.ne.co.CommonHooks/WP]: Gathered mod list to write to world save world
[20:30:17] [Server thread/DEBUG] [ne.ne.ne.co.CommonHooks/WP]: Gathered mod list to write to world save world
[20:35:17] [Server thread/DEBUG] [ne.ne.ne.co.CommonHooks/WP]: Gathered mod list to write to world save world
[20:40:17] [Server thread/DEBUG] [ne.ne.ne.co.CommonHooks/WP]: Gathered mod list to write to world save world
[20:45:17] [Server thread/DEBUG] [ne.ne.ne.co.CommonHooks/WP]: Gathered mod list to write to world save world
[20:50:17] [Server thread/DEBUG] [ne.ne.ne.co.CommonHooks/WP]: Gathered mod list to write to world save world
[20:55:17] [Server thread/DEBUG] [ne.ne.ne.co.CommonHooks/WP]: Gathered mod list to write to world save world
[21:00:17] [Server thread/DEBUG] [ne.ne.ne.co.CommonHooks/WP]: Gathered mod list to write to world save world
[21:05:17] [Server thread/DEBUG] [ne.ne.ne.co.CommonHooks/WP]: Gathered mod list to write to world save world
[21:10:17] [Server thread/DEBUG] [ne.ne.ne.co.CommonHooks/WP]: Gathered mod list to write to world save world
[21:15:17] [Server thread/DEBUG] [ne.ne.ne.co.CommonHooks/WP]: Gathered mod list to write to world save world
[21:20:17] [Server thread/DEBUG] [ne.ne.ne.co.CommonHooks/WP]: Gathered mod list to write to world save world
[21:25:17] [Server thread/DEBUG] [ne.ne.ne.co.CommonHooks/WP]: Gathered mod list to write to world save world

> Task :runServer FAILED

FAILURE: Build failed with an exception.

* What went wrong:
Execution failed for task ':runServer'.
> Process 'command 'F:\application\jdk-21\bin\java.exe'' finished with non-zero exit value 1

* Try:
> Run with --stacktrace option to get the stack trace.
> Run with --info or --debug option to get more log output.
> Run with --scan to generate a Build Scan (powered by Develocity).
> Get more help at https://help.gradle.org.

BUILD FAILED in 3h 9m 26s
8 actionable tasks: 1 executed, 7 up-to-date
Configuration cache entry reused.
